scpi_name,field,old_value,new_value,unit,source_document,extract,status,comment
Activimmo,prix_souscription,207,610,EUR,20260507-BTI-ActivImmo.pdf,"610,00€/part prix de souscription ; Le prix de souscription d'une part est fixé à six cent dix (610) euros",verified,
Activimmo,prix_retrait,545.34,545.34,EUR,20260507-BTI-ActivImmo.pdf,"545,34€ valeur de retrait ; l'associé se retirant perçoit 545,34 euros",verified,
Activimmo,taux_distribution,5.5,5.5,%,20260507-BTI-ActivImmo.pdf,"L'objectif de distribution pour 2025 est fixé à 5,50%",verified,objectif de distribution 2025 (BT ne mentionne pas de TD réalisé)
Activimmo,capitalisation,1400,1400,MEUR,20260507-BTI-ActivImmo.pdf,"1,4Md€ capitalisation au 31.03.2026",verified,
Activimmo,tof,92.8,92.6,%,20260507-BTI-ActivImmo.pdf,"92,6% TOF (hors développements) au 31.03.2026",verified,
Activimmo,endettement,1.46,0.48,%,20260507-BTI-ActivImmo.pdf,"0,48% endettement (dont 0,11% emprunt bancaire, 0,37% VEFA)",verified,
Activimmo,nb_associes,28934,29645,associés,20260507-BTI-ActivImmo.pdf,29 645 associés,verified,
Activimmo,nb_immeubles,186,179,actifs,20260507-BTI-ActivImmo.pdf,Actifs au 31.03.2026 : 179,verified,
Activimmo,nb_locataires,,373,locataires,20260507-BTI-ActivImmo.pdf,373 locataires / 463 baux,verified,
Activimmo,repartition_geo,"{'France': 78.2, 'Espagne': 13.8, 'Portugal': 4.2, 'Italie': 1.5, 'Allemagne': 1, 'Autres': 0.3}","{'France': 77.5, 'Espagne': 13.4, 'Italie': 4.1, 'Pays-Bas': 2.8, 'Irlande': 1.0, 'Portugal': 0.9, '",%,20260507-BTI-ActivImmo.pdf,"Répartition géographique : France 77,5%, Espagne 13,4%, Italie 4,1%, Pays-Bas 2,8%, Irlande 1,0%, Portugal 0,9%, Allemagne 0,3%",verified,
Activimmo,repartition_sectorielle,"{'Entrepôts logistiques': 51, ""Locaux d'activités"": 31, 'Logistique urbaine': 10, 'Transport': 7, 'A","{'Entrepôt logistique': 53.2, ""Locaux d'activités"": 30.8, 'Logistique urbaine': 8.5, 'Transport': 6.",%,20260507-BTI-ActivImmo.pdf,"Répartition typologique : 53,2% / 30,8% / 8,5% / 6,7% / 0,8%",verified,
Activimmo,liquidite,,parts en attente de retrait: 0,,20260507-BTI-ActivImmo.pdf,Parts en attente de retrait en fin de période : 0 (T1 2026). Aucune transaction de gré à gré.,verified,
Activimmo,frequence_distribution,Trimestriel,mensuelle,,20260507-BTI-ActivImmo.pdf,"Distribution mensuelle (janvier 2,54€, février 2,54€, mars 2,42€)",verified,
Activimmo,sfdr_article,,,,,non trouvé dans BT ; DIC absent du lot,manual_review,non trouvé dans BT ; DIC absent du lot
Activimmo,niveau_risque_dic,,,,,non trouvé dans BT ; DIC absent du lot,manual_review,non trouvé dans BT ; DIC absent du lot
Activimmo,duree_placement,8,,ans,,durée de placement recommandée non explicitée dans le BT ; DIC absent du lot,manual_review,durée de placement recommandée non explicitée dans le BT ; DIC absent du lot
Activimmo,frais_souscription,12.72,10.6,% HT,20260507-BTI-ActivImmo.pdf,"commission de souscription 10,6% HT (12,72% TTC)",verified,
Activimmo,frais_gestion,10,,,,commission de gestion non chiffrée dans le BT ; DIC absent du lot,manual_review,commission de gestion non chiffrée dans le BT ; DIC absent du lot
Aestiam Horizon,prix_souscription,350,350,EUR,2026-1t-bti-aestiam-horizon.pdf,350 € Prix de souscription au 31/03/2026,verified,
Aestiam Horizon,prix_retrait,315.00,315,EUR,2026-1t-bti-aestiam-horizon.pdf,315 € Prix de retrait,verified,
Aestiam Horizon,taux_distribution,5.1,5.1,%,2026-1t-bti-aestiam-horizon.pdf,"5,10 % Taux de distribution 2025",verified,
Aestiam Horizon,capitalisation,380,380,MEUR,2026-1t-bti-aestiam-horizon.pdf,380 M€ Capitalisation au 31/03/2026,verified,
Aestiam Horizon,tof,86.5,88.65,%,2026-1t-bti-aestiam-horizon.pdf,"88,65 % TOF",verified,
Aestiam Horizon,endettement,11,11,%,2026-1t-bti-aestiam-horizon.pdf,Ratio dettes et autres engagements 11 %,verified,
Aestiam Horizon,nb_associes,8557,8357,associés,2026-1t-bti-aestiam-horizon.pdf,8 357 Nombre d'associés,verified,
Aestiam Horizon,nb_immeubles,149,146,biens immobiliers,2026-1t-bti-aestiam-horizon.pdf,146 Biens immobiliers,verified,
Aestiam Horizon,nb_locataires,,217,locataires,2026-1t-bti-aestiam-horizon.pdf,217 Locataires,verified,
Aestiam Horizon,repartition_geo,"{'Paris': 20, 'Région Parisienne': 30, 'Régions': 39, 'Etranger': 11}","{'IDF': 29, 'Paris': 21, 'Sud-Est': 12, 'Sud-Ouest': 12, 'Europe': 12, 'Nord-Ouest': 8, 'Nord': 5, '",%,2026-1t-bti-aestiam-horizon.pdf,"Paris 21%, IDF 29%, Nord 5%, Nord-Ouest 8%, Nord-Est 1%, Sud-Est 12%, Sud-Ouest 12%, Europe 12% (dont 9% Luxembourg, 2% Belgique, 1% Allemagne)",verified,
Aestiam Horizon,repartition_sectorielle,"{'Bureaux': 76, 'Commerces': 16, 'Hôtels': 2, 'Enseignement': 4, ""Locaux d'activités"": 2}","{'Bureaux': 76, 'Commerces': 16, 'Hôtels': 4, ""Locaux d'activités"": 2, 'Enseignement': 2}",%,2026-1t-bti-aestiam-horizon.pdf,"Bureaux 76%, Commerces 16%, Hôtels 4%, Locaux d'activités 2%, Enseignement 2%",verified,
Aestiam Horizon,liquidite,,parts en attente de retrait: 44 872,,2026-1t-bti-aestiam-horizon.pdf,"Parts en attente de retraits : 44 872 (T1 2026) ; fonds de remboursement doté 1,3 M€ ; 4 765 parts annulées via fonds de remboursement",verified,liquidité tendue : volume important de parts en attente
Aestiam Horizon,frequence_distribution,Trimestriel,trimestrielle,,2026-1t-bti-aestiam-horizon.pdf,"Dividende brut par part au 1er trimestre 2026 : 4,05 € ; distribution trimestrielle",verified,
Aestiam Horizon,sfdr_article,,8,,AestiamHorizon-DIC.pdf,Aestiam Horizon relève de l'article 8 du Règlement (UE) 2019/2088 dit SFDR,verified,
Aestiam Horizon,niveau_risque_dic,,3,1-7,AestiamHorizon-DIC.pdf,Nous avons classé ce produit dans la classe de risque 3 sur 7,verified,
Aestiam Horizon,duree_placement,10,10,ans,AestiamHorizon-DIC.pdf,durée de détention recommandée de dix (10) ans,verified,
Aestiam Horizon,frais_souscription,12,10,% HT,2026-1t-bti-aestiam-horizon.pdf,Commission de souscription 10 % HT du prix de souscription,verified,
Aestiam Horizon,frais_gestion,9.5,9.5,% HT,2026-1t-bti-aestiam-horizon.pdf,"Commission de gestion 9,5 % HT prélevée sur les produits locatifs HT encaissés et produits financiers nets",verified,
Altixia Cadence 12,prix_souscription,200,200,EUR,doc1-20260430-122013.pdf,PRIX DE SOUSCRIPTION 200€ par part,verified,
Altixia Cadence 12,prix_retrait,182.00,182,EUR,doc1-20260430-122013.pdf,VALEUR DE RETRAIT 182€ par part,verified,
Altixia Cadence 12,taux_distribution,5.15,5.15,%,doc1-20260430-122013.pdf,"TAUX DE DISTRIBUTION 2025 5,15%",verified,
Altixia Cadence 12,capitalisation,190356200190.4,190.36,MEUR,doc1-20260430-122013.pdf,CAPITALISATION 190 356 200€ au 31.03.2026,verified,ancienne valeur du dataset (190356200190.4) aberrante
Altixia Cadence 12,tof,92.5,92.5,%,doc1-20260430-122013.pdf,"TAUX D'OCCUPATION FINANCIER 92,5%",verified,
Altixia Cadence 12,endettement,10.99,10.99,%,doc1-20260430-122013.pdf,"DETTES ET ENGAGEMENTS 10,99%",verified,
Altixia Cadence 12,nb_associes,2448,2448,associés,doc1-20260430-122013.pdf,NOMBRE D'ASSOCIÉS 2 448,verified,
Altixia Cadence 12,nb_immeubles,32,32,actifs,doc1-20260430-122013.pdf,NOMBRE D'ACTIFS 32,verified,
Altixia Cadence 12,nb_locataires,,95,locataires,doc1-20260430-122013.pdf,NOMBRE DE LOCATAIRES 95,verified,
Altixia Cadence 12,repartition_geo,"{'Régions': 56, 'Ile-de-France': 22, 'Paris': 3, 'Espagne': 13, 'Irlande': 6}","{'Régions': 56, 'Ile-de-France': 22, 'Espagne': 13, 'Irlande': 6, 'Paris': 3}",%,doc1-20260430-122013.pdf,"Régions 56%, Ile-de-France 22%, Espagne 13%, Irlande 6%, Paris 3%",verified,
Altixia Cadence 12,repartition_sectorielle,"{'Commerces': 37, 'Activités': 30, 'Bureaux': 29, 'Logistique': 4}","{'Commerces': 37, 'Activités': 30, 'Bureaux': 29, 'Logistique': 4}",%,doc1-20260430-122013.pdf,"Commerces 37%, Activités 30%, Bureaux 29%, Logistique 4%",verified,
Altixia Cadence 12,liquidite,,parts en attente de retrait: 0,,doc1-20260430-122013.pdf,"PARTS EN ATTENTE DE RETRAIT 0 ; Au 31 mars 2026, il n'y avait pas de parts en attente de retrait",verified,
Altixia Cadence 12,frequence_distribution,Mensuel,mensuelle,,doc1-20260430-122013.pdf,La distribution des revenus est mensuelle,verified,
Altixia Cadence 12,sfdr_article,,,,,DIC absent du lot ; SFDR non précisé dans le BT,manual_review,DIC absent du lot ; SFDR non précisé dans le BT
Altixia Cadence 12,niveau_risque_dic,,,1-7,,DIC absent du lot ; ISR/SRRI non chiffré dans le BT,manual_review,DIC absent du lot ; ISR/SRRI non chiffré dans le BT
Altixia Cadence 12,duree_placement,9,9,ans,doc1-20260430-122013.pdf,DURÉE DÉTENTION RECOMMANDÉE 9 ans,verified,
Altixia Cadence 12,frais_souscription,10.8,9,% HT,doc1-20260430-122013.pdf,"COMMISSION DE SOUSCRIPTION : 9 % HT, soit 10,8 % TTC",verified,
Altixia Cadence 12,frais_gestion,10,10,% HT,doc1-20260430-122013.pdf,"COMMISSION DE GESTION : 10 % HT, soit 12 % TTC",verified,
Altixia Commerces,prix_souscription,203,203,EUR,doc1-20260430-110640.pdf,PRIX DE SOUSCRIPTION 203€ par part,verified,
Altixia Commerces,prix_retrait,197.92,197.92,EUR,doc1-20260430-110640.pdf,"VALEUR DE RETRAIT 197,92€ par part",verified,
Altixia Commerces,taux_distribution,5.12,5.0,%,doc1-20260430-110640.pdf,"TAUX DE DISTRIBUTION 2025 5,0%",verified,"ancienne valeur 5,12 à corriger en 5,0"
Altixia Commerces,capitalisation,107.64,107.08,MEUR,doc1-20260430-110640.pdf,CAPITALISATION 107 084 530€ au 31.03.2026,verified,
Altixia Commerces,tof,90.77,89.1,%,doc1-20260430-110640.pdf,"TAUX D'OCCUPATION FINANCIER 89,1%",verified,
Altixia Commerces,endettement,5.1,14.3,%,doc1-20260430-110640.pdf,"DETTES ET ENGAGEMENTS 14,3%",verified,"ancienne valeur 5,1 à corriger en 14,3"
Altixia Commerces,nb_associes,,1022,associés,doc1-20260430-110640.pdf,NOMBRE D'ASSOCIÉS 1 022,verified,
Altixia Commerces,nb_immeubles,,22,actifs,doc1-20260430-110640.pdf,NOMBRE D'ACTIFS 22,verified,
Altixia Commerces,nb_locataires,,73,locataires,doc1-20260430-110640.pdf,NOMBRE DE LOCATAIRES 73,verified,
Altixia Commerces,repartition_geo,"{'Régions': 62, 'Ile-de-France': 29, 'Paris': 9}","{'Régions': 65, 'Ile-de-France': 27, 'Paris': 8}",%,doc1-20260430-110640.pdf,"Régions 65%, Ile-de-France 27%, Paris 8%",verified,
Altixia Commerces,repartition_sectorielle,"{'Commerces en retail park': 58, ""Commerces en pied d'immeuble"": 38, 'Bureaux et activités': 4}","{'Commerces en retail park': 61, ""Commerces de pied d'immeuble"": 35, 'Bureaux': 2, 'Activités': 2}",%,doc1-20260430-110640.pdf,"Commerces en retail Park 61%, Commerces de pied d'immeuble 35%, Bureaux 2%, Activités 2%",verified,
Altixia Commerces,liquidite,,parts en attente de retrait: 13 559,,doc1-20260430-110640.pdf,Parts en attente de retrait 13 559 (31-03-2026),verified,volume notable de parts en attente
Altixia Commerces,frequence_distribution,Trimestriel,trimestrielle,,doc1-20260430-110640.pdf,"La distribution des revenus est trimestrielle ; 2,04€ brut par part au 1T 2026",verified,
Altixia Commerces,sfdr_article,,,,,DIC absent du lot ; SFDR non précisé dans le BT (SCPI labellisée ISR),manual_review,DIC absent du lot ; SFDR non précisé dans le BT (SCPI labellisée ISR)
Altixia Commerces,niveau_risque_dic,,,1-7,,DIC absent du lot ; SRRI non chiffré dans le BT,manual_review,DIC absent du lot ; SRRI non chiffré dans le BT
Altixia Commerces,duree_placement,9,9,ans,doc1-20260430-110640.pdf,DURÉE DÉTENTION RECOMMANDÉE 9 ans,verified,
Altixia Commerces,frais_souscription,3,2.5,% HT,doc1-20260430-110640.pdf,"COMMISSION DE SOUSCRIPTION : 2,5 % HT, soit 3 % TTC",verified,
Altixia Commerces,frais_gestion,15,15,% HT,doc1-20260430-110640.pdf,"COMMISSION DE GESTION : 15 % HT, soit 18 % TTC",verified,
Atream Hotel,prix_souscription,1000,1000,EUR,Bulletin-N2026_1T-SCPI_Atream_Hotels_WEB_10-PAGES-1.pdf,"Prix de souscription 1 000,00 € au 31/03/2026",verified,
Atream Hotel,prix_retrait,900.00,900,EUR,Bulletin-N2026_1T-SCPI_Atream_Hotels_WEB_10-PAGES-1.pdf,"Valeur de retrait 900,00 €",verified,
Atream Hotel,taux_distribution,5.05,5.05,%,Bulletin-N2026_1T-SCPI_Atream_Hotels_WEB_10-PAGES-1.pdf,"Performances 2025 : Taux de Distribution brute 5,05 %",verified,
Atream Hotel,capitalisation,325996200326,325.99,MEUR,Bulletin-N2026_1T-SCPI_Atream_Hotels_WEB_10-PAGES-1.pdf,Capitalisation 325 996 200 € au 31/03/2026,verified,ancienne valeur du dataset (325996200326) aberrante
Atream Hotel,tof,100,100,%,Bulletin-N2026_1T-SCPI_Atream_Hotels_WEB_10-PAGES-1.pdf,Taux d'occupation financier ASPIM T1 2026 : 100 %,verified,
Atream Hotel,endettement,24.23,24.23,%,Bulletin-N2026_1T-SCPI_Atream_Hotels_WEB_10-PAGES-1.pdf,"Ratio d'endettement 24,23 % au 31/03/2026",verified,
Atream Hotel,nb_associes,5873,5873,associés,Bulletin-N2026_1T-SCPI_Atream_Hotels_WEB_10-PAGES-1.pdf,Nombre d'associés 5 873,verified,
Atream Hotel,nb_immeubles,23,23,actifs,Bulletin-N2026_1T-SCPI_Atream_Hotels_WEB_10-PAGES-1.pdf,23 Actifs / 2 594 Chambres,verified,
Atream Hotel,nb_locataires,,,,,BT donne enseignes (14) et chambres (2594) mais pas un nombre de locataires explicite,manual_review,BT donne enseignes (14) et chambres (2594) mais pas un nombre de locataires explicite
Atream Hotel,repartition_geo,"{'France': 33, 'Allemagne': 30, 'Belgique': 23, 'Pays-Bas': 14}","{'France': 32, 'Allemagne': 29, 'Belgique': 22, 'Pays-Bas': 14, 'Italie': 3}",%,Bulletin-N2026_1T-SCPI_Atream_Hotels_WEB_10-PAGES-1.pdf,"France 32%, Allemagne 29%, Belgique 22%, Pays-Bas 14%, Italie 3%",verified,
Atream Hotel,repartition_sectorielle,"{'Hôtels': 71, ""Autres types d'hébergements touristiques"": 29}","{'Hôtels': 71, ""Autres types d'hébergements touristiques"": 29}",%,Bulletin-N2026_1T-SCPI_Atream_Hotels_WEB_10-PAGES-1.pdf,"Hôtels 71%, Autres types d'hébergements touristiques 29%",verified,
Atream Hotel,liquidite,,RAS / retraits compensés,,Bulletin-N2026_1T-SCPI_Atream_Hotels_WEB_10-PAGES-1.pdf,Parts compensant les retraits 1 797 (T1 2026) ; pas de parts en attente mentionnées,verified,
Atream Hotel,frequence_distribution,Trimestriel,trimestrielle,,Bulletin-N2026_1T-SCPI_Atream_Hotels_WEB_10-PAGES-1.pdf,"Dividende brut 1T 2026 : 12,25 €/part ; distribution trimestrielle",verified,
Atream Hotel,sfdr_article,,8,,2026-03-11-DIC-PRIIPS-ATREAM-HOTELS-1.pdf,La SCPI promeut des critères environnementaux et sociaux au sens de l'article 8 du règlement européen dit Disclosure ou SFDR,verified,
Atream Hotel,niveau_risque_dic,,3,1-7,2026-03-11-DIC-PRIIPS-ATREAM-HOTELS-1.pdf,Nous avons classé ce produit dans la classe de risque 3 sur 7,verified,
Atream Hotel,duree_placement,10,10,ans,2026-03-11-DIC-PRIIPS-ATREAM-HOTELS-1.pdf,durée de placement minimale recommandée est de 10 ans,verified,
Atream Hotel,frais_souscription,12,10,% HT,Bulletin-N2026_1T-SCPI_Atream_Hotels_WEB_10-PAGES-1.pdf,"commission de souscription de 10 % HT (100 euros), soit 12 % TTC",verified,
Atream Hotel,frais_gestion,10,,,,"commission de gestion non chiffrée en %HT dans BT/DIC (DIC indique 1,44% de coûts récurrents PRIIPS, ce n'est pas la commission de gestion)",manual_review,"commission de gestion non chiffrée en %HT dans BT/DIC (DIC indique 1,44% de coûts récurrents PRIIPS, ce n'est pas la com"
Buroboutic Métropoles,prix_souscription,230,77,EUR,BTI Buroboutic T1 2026.pdf,Prix de souscription à compter du 01.01.2026 : 77 € (suite à division par 3 du nominal),verified,split par 3 le 01.01.2026 : ancienne valeur 230€ -> 77€
Buroboutic Métropoles,prix_retrait,207.00,69.3,EUR,BTI Buroboutic T1 2026.pdf,"Prix de retrait : 69,30 € (suite à la division du prix de part le 01.01.2026)",verified,"ancienne valeur 207€ -> 69,30€ après split"
Buroboutic Métropoles,taux_distribution,5.07,5.1,%,BTI Buroboutic T1 2026.pdf,"le taux de distribution (TD) 2025 s'est établi à 5,10 %",verified,
Buroboutic Métropoles,capitalisation,318.5,316,MEUR,BTI Buroboutic T1 2026.pdf,Capitalisation 316 M€,verified,"260,6 M€ = actifs détenus en direct ; capitalisation totale = 316 M€"
Buroboutic Métropoles,tof,97.17,93.85,%,BTI Buroboutic T1 2026.pdf,"Taux d'Occupation Financier 1er trimestre 2026 : 93,85 %",verified,
Buroboutic Métropoles,endettement,23.1,0,%,BTI Buroboutic T1 2026.pdf,Taux d'endettement au 31.03.2026 : 0 %,verified,"ancienne valeur 23,1 à corriger : endettement nul au 31.03.2026"
Buroboutic Métropoles,nb_associes,,6779,associés,BTI Buroboutic T1 2026.pdf,Associés 6 779,verified,
Buroboutic Métropoles,nb_immeubles,,161,immeubles,BTI Buroboutic T1 2026.pdf,Immeubles 161,verified,
Buroboutic Métropoles,nb_locataires,,263,locataires,BTI Buroboutic T1 2026.pdf,Nombre de locataires 263,verified,
Buroboutic Métropoles,repartition_geo,"{'Régions': 53.3, 'Ile-de-France': 31.9, 'Paris': 14.8}","{'Régions': 53.6, 'Ile-de-France': 30.6, 'Paris': 15.8}",%,BTI Buroboutic T1 2026.pdf,"Régions 53,6%, Ile-de-France 30,6%, Paris 15,8%",verified,
Buroboutic Métropoles,repartition_sectorielle,"{'Locaux commerciaux': 50.8, 'Bureaux': 32.2, ""Locaux d'activités"": 17}","{'Locaux commerciaux': 52.6, 'Bureaux': 31.8, ""Locaux d'activités"": 15.6}",%,BTI Buroboutic T1 2026.pdf,"Locaux commerciaux 52,6%, Bureaux 31,8%, Locaux d'activités 15,6%",verified,
Buroboutic Métropoles,liquidite,,parts en attente de retrait: 314 596,,BTI Buroboutic T1 2026.pdf,314 596 parts en attente de retrait au 31 mars 2026 ; 180 parts échangées de gré à gré,verified,liquidité fortement tendue : volume très élevé de parts en attente
Buroboutic Métropoles,frequence_distribution,Trimestriel,trimestrielle,,BTI Buroboutic T1 2026.pdf,"Acomptes trimestriels ; 0,90 €/part au 1er trimestre 2026",verified,
Buroboutic Métropoles,sfdr_article,,8,,BTI Buroboutic T1 2026.pdf,La SCPI BUROBOUTIC est classée Article 8 au sens du Règlement (UE) 2019/2088 dit SFDR,verified,
Buroboutic Métropoles,niveau_risque_dic,,3,1-7,DIC BUROBOUTIC 31.12.2024.pdf,Nous avons classé ce produit dans la classe de risque 3 sur 7,verified,
Buroboutic Métropoles,duree_placement,8,8,ans,BTI Buroboutic T1 2026.pdf,La durée de placement recommandée est de 8 ans,verified,
Buroboutic Métropoles,frais_souscription,12,10,% HT,BTI Buroboutic T1 2026.pdf,Commission de souscription : 10 % HT (12 % TTC),verified,
Buroboutic Métropoles,frais_gestion,9.5,9.5,% HT,BTI Buroboutic T1 2026.pdf,"Commission de gestion : 9,5 % HT (11,4 % TTC) des produits locatifs encaissés HT et produits financiers nets",verified,
Coeur d'Europe,prix_souscription,204,204,EUR,Bulletin-Trimestriel-1T-2026-–-Coeur-dEurope.pdf,Prix de souscription 204 €,verified,
Coeur d'Europe,prix_retrait,176.00,179.52,EUR,Bulletin-Trimestriel-1T-2026-–-Coeur-dEurope.pdf,"Valeur de retrait 179,52 €",verified,"ancienne valeur 176 à corriger en 179,52"
Coeur d'Europe,taux_distribution,6.25,6.25,%,Bulletin-Trimestriel-1T-2026-–-Coeur-dEurope.pdf,"Taux de distribution 2025 brut 6,25 % (5,23 % net de fiscalité étrangère)",verified,
Coeur d'Europe,capitalisation,256,256.2,MEUR,Bulletin-Trimestriel-1T-2026-–-Coeur-dEurope.pdf,Capitalisation 256 202 172 € au 31/03/2026,verified,
Coeur d'Europe,tof,95.02,95.02,%,Bulletin-Trimestriel-1T-2026-–-Coeur-dEurope.pdf,"Taux d'occupation financier 95,02 %",verified,
Coeur d'Europe,endettement,3.9,3.9,%,Bulletin-Trimestriel-1T-2026-–-Coeur-dEurope.pdf,"Endettement / Dettes et autres engagements 3,90 %",verified,
Coeur d'Europe,nb_associes,,7575,associés,Bulletin-Trimestriel-1T-2026-–-Coeur-dEurope.pdf,Nombre d'associés 7 575 au 31/03/2026,verified,
Coeur d'Europe,nb_immeubles,,41,biens immobiliers,Bulletin-Trimestriel-1T-2026-–-Coeur-dEurope.pdf,41 Biens immobiliers,verified,
Coeur d'Europe,nb_locataires,,132,entreprises locataires,Bulletin-Trimestriel-1T-2026-–-Coeur-dEurope.pdf,132 Entreprises locataires,verified,
Coeur d'Europe,repartition_geo,"{'Portugal': 36.8, 'Espagne': 35.9, 'Belgique': 20.4, 'Allemagne': 6.9}","{'Espagne': 43.8, 'Portugal': 33.5, 'Belgique': 15.5, 'Allemagne': 7.2}",%,Bulletin-Trimestriel-1T-2026-–-Coeur-dEurope.pdf,"Espagne 43,8%, Portugal 33,5%, Belgique 15,5%, Allemagne 7,2%",verified,répartition mise à jour vs ancien dataset
Coeur d'Europe,repartition_sectorielle,"{'Commerces': 54.32, 'Bureaux': 26.68, ""Logistique et locaux d'activités"": 14.62, 'Santé et éducatio","{'Commerces': 47.2, ""Logistique et locaux d'activités"": 29.33, 'Bureaux': 20.16, 'Santé et éducation",%,Bulletin-Trimestriel-1T-2026-–-Coeur-dEurope.pdf,"Commerces 47,20%, Logistique et locaux d'activités 29,33%, Bureaux 20,16%, Santé et éducation 3,31%",verified,
Coeur d'Europe,liquidite,,parts en attente de retrait: 0,,Bulletin-Trimestriel-1T-2026-–-Coeur-dEurope.pdf,0 part en attente de retrait et part cédée de gré à gré,verified,
Coeur d'Europe,frequence_distribution,Trimestriel,trimestrielle,,Bulletin-Trimestriel-1T-2026-–-Coeur-dEurope.pdf,"Dividende brut versé au titre du 1er trimestre 2026 : 3,04 € par part",verified,
Coeur d'Europe,sfdr_article,,8,,Coeur-dEurope-DIC.pdf,La SCPI CŒUR D'EUROPE est un produit classé Article 8 en application du règlement UE 2019/2088 dit Disclosure,verified,
Coeur d'Europe,niveau_risque_dic,,3,1-7,Coeur-dEurope-DIC.pdf,Nous avons classé le produit dans la classe de risque 3 sur 7,verified,
Coeur d'Europe,duree_placement,10,10,ans,Coeur-dEurope-DIC.pdf,durée de placement recommandée est de 10 ans,verified,
Coeur d'Europe,frais_souscription,12,12,% TTC,Bulletin-Trimestriel-1T-2026-–-Coeur-dEurope.pdf,"Commission de souscription (12 % TTC) 24,48 €",verified,12% TTC (~10% HT)
Coeur d'Europe,frais_gestion,10,,,,commission de gestion non chiffrée en %HT dans BT/DIC,manual_review,commission de gestion non chiffrée en %HT dans BT/DIC
Coeur de Région,prix_souscription,664,664,EUR,Bulletin-Trimestriel-1T-2026-–-Coeur-de-Regions.pdf,Prix de souscription 664 €,verified,
Coeur de Région,prix_retrait,584.32,584.32,EUR,Bulletin-Trimestriel-1T-2026-–-Coeur-de-Regions.pdf,"Valeur de retrait 584,32 €",verified,
Coeur de Région,taux_distribution,6.2,6.2,%,Bulletin-Trimestriel-1T-2026-–-Coeur-de-Regions.pdf,"Taux de distribution 2025 6,20 %",verified,
Coeur de Région,capitalisation,415.79,435.63,MEUR,Bulletin-Trimestriel-1T-2026-–-Coeur-de-Regions.pdf,Capitalisation 435 631 144 € au 31/03/2026,verified,"ancienne valeur 415,79 obsolète"
Coeur de Région,tof,95.16,95.03,%,Bulletin-Trimestriel-1T-2026-–-Coeur-de-Regions.pdf,"Taux d'occupation financier 95,03 %",verified,
Coeur de Région,endettement,8.53,9.88,%,Bulletin-Trimestriel-1T-2026-–-Coeur-de-Regions.pdf,"Endettement / Dettes et autres engagements 9,88 %",verified,"ancienne valeur 8,53 mise à jour"
Coeur de Région,nb_associes,,10051,associés,Bulletin-Trimestriel-1T-2026-–-Coeur-de-Regions.pdf,Nombre d'associés 10 051,verified,
Coeur de Région,nb_immeubles,82,93,biens immobiliers,Bulletin-Trimestriel-1T-2026-–-Coeur-de-Regions.pdf,93 Biens immobiliers,verified,ancienne valeur 82 obsolète
Coeur de Région,nb_locataires,,198,entreprises locataires,Bulletin-Trimestriel-1T-2026-–-Coeur-de-Regions.pdf,198 Entreprises locataires,verified,
Coeur de Région,repartition_geo,"{'Régions': 86, 'Île-de-France': 14}","{'Régions': 86.7, 'Île-de-France': 13.3}",%,Bulletin-Trimestriel-1T-2026-–-Coeur-de-Regions.pdf,"Régions 86,7%, Île-de-France 13,3%",verified,
Coeur de Région,repartition_sectorielle,"{'Bureaux': 51.08, 'Commerces': 29.62, ""Logistique et locaux d'activités"": 17.47, 'Santé et éducatio","{'Bureaux': 45.97, 'Commerces': 31.4, ""Logistique et locaux d'activités"": 21.35, 'Santé et éducation",%,Bulletin-Trimestriel-1T-2026-–-Coeur-de-Regions.pdf,"Bureaux 45,97%, Commerces 31,40%, Logistique et locaux d'activités 21,35%, Santé et éducation 1,23%, Alternatifs 0,05%",verified,
Coeur de Région,liquidite,,parts en attente de retrait: 0,,Bulletin-Trimestriel-1T-2026-–-Coeur-de-Regions.pdf,0 part en attente de retrait et part cédée de gré à gré,verified,
Coeur de Région,frequence_distribution,Trimestriel,trimestrielle,,Bulletin-Trimestriel-1T-2026-–-Coeur-de-Regions.pdf,"Dividende 1T 2026 : 10,29 € par part ; distribution trimestrielle",verified,
Coeur de Région,sfdr_article,,8,,Coeur-de-Regions-DIC.pdf,La SCPI CŒUR DE REGIONS est un produit classé Article 8 en application du règlement UE 2019/2088 dit Disclosure,verified,
Coeur de Région,niveau_risque_dic,,3,1-7,Coeur-de-Regions-DIC.pdf,Nous avons classé le produit dans la classe de risque 3 sur 7,verified,
Coeur de Région,duree_placement,10,10,ans,Coeur-de-Regions-DIC.pdf,durée de placement recommandée est de 10 ans,verified,
Coeur de Région,frais_souscription,12,12,% TTC,Bulletin-Trimestriel-1T-2026-–-Coeur-de-Regions.pdf,"Commission de souscription (12 % TTC) 79,68 €",verified,12% TTC (~10% HT)
Coeur de Région,frais_gestion,10,,,,commission de gestion non chiffrée en %HT dans BT/DIC,manual_review,commission de gestion non chiffrée en %HT dans BT/DIC
Coeur de ville,prix_souscription,210,210,EUR,Bulletin-Trimestriel-1T-2026-–-Coeur-de-Ville.pdf,Prix de souscription 210 € ; Prix de la part fixé à 210 €,verified,
Coeur de ville,prix_retrait,184.80,184.8,EUR,Bulletin-Trimestriel-1T-2026-–-Coeur-de-Ville.pdf,"Valeur de retrait 184,80 €",verified,
Coeur de ville,taux_distribution,6.2,6.2,%,Bulletin-Trimestriel-1T-2026-–-Coeur-de-Ville.pdf,"Taux de distribution 2025 6,20 % : dont 0 % correspondant à des revenus non récurrents",verified,
Coeur de ville,capitalisation,28.8,28.84,M€,Bulletin-Trimestriel-1T-2026-–-Coeur-de-Ville.pdf,Capitalisation 28 837 620 € (au 31/03/2026),verified,
Coeur de ville,tof,97.63,97.63,%,Bulletin-Trimestriel-1T-2026-–-Coeur-de-Ville.pdf,"Taux d'occupation financier(2) 97,63 %",verified,
Coeur de ville,endettement,30.23,30.23,%,Bulletin-Trimestriel-1T-2026-–-Coeur-de-Ville.pdf,"Dettes et autres engagements 30,23 % (en % de l'endettement sur le total de l'actif net augmenté des dettes)",verified,
Coeur de ville,nb_associes,,643,,Bulletin-Trimestriel-1T-2026-–-Coeur-de-Ville.pdf,Nombre d'associés 643,verified,
Coeur de ville,nb_immeubles,,32,,Bulletin-Trimestriel-1T-2026-–-Coeur-de-Ville.pdf,32 Biens immobiliers,verified,
Coeur de ville,nb_locataires,,36,,Bulletin-Trimestriel-1T-2026-–-Coeur-de-Ville.pdf,36 Entreprises locataires,verified,
Coeur de ville,repartition_geo,"{'Province': 83, 'Paris': 17}","{'Régions': 80.2, 'Île-de-France': 19.8}",%,Bulletin-Trimestriel-1T-2026-–-Coeur-de-Ville.pdf,"Composition du patrimoine - Régions 80,2 % / Île-de-France 19,8 %",verified,
Coeur de ville,repartition_sectorielle,"{'Commerces alimentaires': 48.28, 'Commerces non alimentaires': 27.72, 'Services': 20.72, 'Santé et ","{'Commerces alimentaires': 55.87, 'Commerces non alimentaires': 25.67, 'Services': 15.8, 'Santé et é",%,Bulletin-Trimestriel-1T-2026-–-Coeur-de-Ville.pdf,"Répartition typologique selon la valeur du patrimoine : Commerces alimentaires 55,87 %, Commerces non alimentaires 25,67 %, Services 15,80 %, Santé et éducation",verified,
Coeur de ville,liquidite,,0,parts en attente,Bulletin-Trimestriel-1T-2026-–-Coeur-de-Ville.pdf,0 part en attente de retrait et part cédée de gré à gré,verified,"Aucune part en attente, liquidité normale"
Coeur de ville,frequence_distribution,Trimestriel,Trimestrielle,,Bulletin-Trimestriel-1T-2026-–-Coeur-de-Ville.pdf,Dividendes versés par trimestre (2T 2025 ... 1T 2026),verified,
Coeur de ville,sfdr_article,,,,,Article SFDR non précisé dans le DIC ni le BT,manual_review,Article SFDR non précisé dans le DIC ni le BT
Coeur de ville,niveau_risque_dic,,3,sur 7,Coeur-de-Ville-DIC.pdf,Nous avons classé le produit dans la classe de risque 3 sur 7,verified,
Coeur de ville,duree_placement,10,10,ans,Coeur-de-Ville-DIC.pdf,Période de détention recommandée : 10 ans,verified,
Coeur de ville,frais_souscription,12,12,% TTC,Bulletin-Trimestriel-1T-2026-–-Coeur-de-Ville.pdf,"Commission de souscription (12 % TTC) 25,20 €",verified,DIC indique coûts d'entrée 10 % maximum
Coeur de ville,frais_gestion,10,1.2,%/an,Coeur-de-Ville-DIC.pdf,"Frais de gestion et autres frais administratifs et d'exploitation 1,20 % de la valeur par an",verified,Coût récurrent annuel (DIC)
Comète,prix_souscription,208,250.0,EUR,20260506-BTI-T1-2026-Comete.pdf,"250,00 €/part prix de souscription commission de souscription incluse",verified,Valeur actuelle du lot (208 €) erronée
Comète,prix_retrait,225.00,225.0,EUR,20260506-BTI-T1-2026-Comete.pdf,"225,00 € valeur de retrait",verified,
Comète,taux_distribution,9,,,,"Aucun taux de distribution réalisé publié (SCPI récente). Objectif TD 6,0 % (plaquette), objectif de distribution 2026 = 17,50 €/part. Valeur du lot (9) non sou",manual_review,"Aucun taux de distribution réalisé publié (SCPI récente). Objectif TD 6,0 % (plaquette), objectif de distribution 2026 ="
Comète,capitalisation,519.6,652.0,M€,20260506-BTI-T1-2026-Comete.pdf,"652,0 M€ capitalisation au 31.03.2026",verified,"Valeur du lot (519,6) périmée"
Comète,tof,99.1,99.5,%,20260506-BTI-T1-2026-Comete.pdf,"99,5 % TOF (hors développements)",verified,
Comète,endettement,0,0.0,%,20260506-BTI-T1-2026-Comete.pdf,"0,00 % endettement",verified,
Comète,nb_associes,,20907,,20260506-BTI-T1-2026-Comete.pdf,20 907 associés,verified,
Comète,nb_immeubles,,34,,20260506-BTI-T1-2026-Comete.pdf,Actifs au 31.03.2026 : 34,verified,
Comète,nb_locataires,,94,,20260506-BTI-T1-2026-Comete.pdf,94 locataires / 99 baux,verified,
Comète,repartition_geo,"{'Royaume-Uni': 46.5, 'Espagne': 15.4, 'Italie': 12.4, 'Pays-Bas': 10.3, 'Canada': 6.6, 'Pologne': 5","{'Royaume-Uni': 43.3, 'Canada': 16.2, 'Espagne': 15.2, 'Italie': 9.1, 'Pays-Bas': 7.8, 'Pologne': 5.",%,20260506-BTI-T1-2026-Comete.pdf,"Répartition géographique patrimoine au 31.03.2026 : Royaume-Uni 43,3 %, Canada 16,2 %, Espagne 15,2 %, Italie 9,1 %, Pays-Bas 7,8 %, Pologne 5,7 %, Irlande 2,7 ",verified,
Comète,repartition_sectorielle,"{'Commerce': 27.6, 'Logistique': 23.9, 'Hôtellerie': 16, 'Bureau': 13.7, 'Mixte': 10.9, 'Loisirs': 5",,,,"Postes lisibles (Commerce, Éducation, Bureau, Loisirs, Logistique & Activités, Mixte, Hôtellerie) mais valeurs non rattachables avec certitude aux libellés dans",manual_review,"Postes lisibles (Commerce, Éducation, Bureau, Loisirs, Logistique & Activités, Mixte, Hôtellerie) mais valeurs non ratta"
Comète,liquidite,,903,parts en attente,20260506-BTI-T1-2026-Comete.pdf,Parts en attente de retrait en fin de période : 903 (T1 2026),verified,"Liquidité normale, collecte nette positive 132,2 M€"
Comète,frequence_distribution,Trimestriel,Mensuelle,,20260506-BTI-T1-2026-Comete.pdf,"Distributions mensuelles : janvier 1,56 € / février 1,55 € / mars 1,58 €",verified,
Comète,sfdr_article,,,,,Pas de DIC dans le lot ; article SFDR non indiqué dans le BT ni la plaquette,manual_review,Pas de DIC dans le lot ; article SFDR non indiqué dans le BT ni la plaquette
Comète,niveau_risque_dic,,3,sur 7,20250122-Plaquette-commerciale-Comete-1.pdf,Produit dans la classe de risque 3 sur 7,verified,Source plaquette (pas de DIC dans le lot)
Comète,duree_placement,8,8,ans,20250122-Plaquette-commerciale-Comete-1.pdf,Durée de placement recommandée 8 ans minimum,verified,
Comète,frais_souscription,12,10,% HT,20260506-BTI-T1-2026-Comete.pdf,commission de souscription correspond à 10 % HT (soit 12 % TTC) du prix de souscription,verified,10 % HT / 12 % TTC
Comète,frais_gestion,11,11,% HT,20250122-Plaquette-commerciale-Comete-1.pdf,"Commission de gestion 11 % (13,2 % TTC)",verified,
Crédit Mutuel Pierre 1,prix_souscription,215,215.0,EUR,A7_BT_20260331.pdf,"Minimum de souscription fixé à 1 part, soit (A) 215,00 €",verified,
Crédit Mutuel Pierre 1,prix_retrait,197.8,197.8,EUR,A7_BT_20260331.pdf,"Valeur de retrait (A)-(B) 197,80 €",verified,
Crédit Mutuel Pierre 1,taux_distribution,4.49,4.49,%,A7_BT_20260331.pdf,"Taux de distribution (1) 4,49 %",verified,
Crédit Mutuel Pierre 1,capitalisation,800.35,800.35,M€,A7_BT_20260331.pdf,Capitalisation 800 348 895 €,verified,
Crédit Mutuel Pierre 1,tof,82.3,82.3,%,A7_BT_20260331.pdf,"Taux d'Occupation Financier 82,3 %",verified,
Crédit Mutuel Pierre 1,endettement,21.78,21.78,%,A7_BT_20260331.pdf,"Endettement réel au 31/03/2026 : 21,78 % (autorisation statutaire 30 %)",verified,
Crédit Mutuel Pierre 1,nb_associes,,18413,,A7_BT_20260331.pdf,18 413 associés,verified,
Crédit Mutuel Pierre 1,nb_immeubles,,64,,A7_BT_20260331.pdf,64 Nombre d'immeubles en direct (+ 55 via des SCI),verified,64 en direct + 55 via SCI = 119 au total
Crédit Mutuel Pierre 1,nb_locataires,,,,,Nombre de locataires non explicitement indiqué dans le BT,manual_review,Nombre de locataires non explicitement indiqué dans le BT
Crédit Mutuel Pierre 1,repartition_geo,"{'Paris': 21.84, 'Île-de-France': 51.53, 'Régions France': 22.63, 'Allemagne': 3.91, 'Espagne': 0.09","{'Île-de-France': 51.53, 'Régions': 22.63, 'Paris': 21.84, 'Allemagne': 3.91, 'Espagne': 0.09}",%,A7_BT_20260331.pdf,"Répartition géographique (valeur vénale) : Paris 21,84 %, Île-de-France 51,53 %, Régions 22,63 %, Allemagne 3,91 %, Espagne 0,09 %",verified,
Crédit Mutuel Pierre 1,repartition_sectorielle,"{'Bureaux': 84.94, 'Commerces': 13.1, 'Hôtels, tourisme et loisirs': 1.96}","{'Bureaux': 84.94, 'Commerces': 13.1, 'Hôtels, tourisme et loisirs': 1.96}",%,A7_BT_20260331.pdf,"Bureaux 84,94 %, Commerces 13,10 %, Hôtels tourisme et loisirs 1,96 %",verified,
Crédit Mutuel Pierre 1,liquidite,,396756,parts en attente,A7_BT_20260331.pdf,"marché des parts suspendu depuis le 12 février 2026 ; Parts en attente de retrait 396 756 (78,5 M€) soit 10,7 % du total",verified,"ALERTE LIQUIDITÉ : marché suspendu, passage en suspension de variabilité du capital / marché de confrontation"
Crédit Mutuel Pierre 1,frequence_distribution,Trimestriel,Trimestrielle,,A7_BT_20260331.pdf,Versements potentiels : 30 juillet 2026 / 29 octobre 2026 / 29 janvier 2027,verified,
Crédit Mutuel Pierre 1,sfdr_article,,9,,A7_DIC.pdf,La SCPI a été classifiée article 9 au sens de SFDR ; (BT) Classement SFDR : article 9,verified,
Crédit Mutuel Pierre 1,niveau_risque_dic,,4,sur 7,A7_DIC.pdf,Ce produit a été catégorisé dans la classe de risque 4 sur 7,verified,
Crédit Mutuel Pierre 1,duree_placement,9,9,ans,A7_DIC.pdf,Durée de placement minimale recommandée : 9 ans,verified,
Crédit Mutuel Pierre 1,frais_souscription,9.6,8,% HT,A7_BT_20260331.pdf,"Commission de souscription : 8 % HT max, soit 9,60 % TTC",verified,
Crédit Mutuel Pierre 1,frais_gestion,10,10,% HT,A7_BT_20260331.pdf,"Commission de gestion locative : 10 % HT max, soit 12 % TTC des produits locatifs encaissés",verified,"DIC : coût récurrent global 2,22 %/an"
Cristal Life,prix_souscription,208,208,EUR,IG_CLBulletin_Trimestriel2026_T1.pdf,Prix de souscription 208 € depuis le 1er novembre 2025,verified,
Cristal Life,prix_retrait,181.28,183.04,EUR,IG_CLBulletin_Trimestriel2026_T1.pdf,"Valeur de retrait(6) 183,04 € ; retraits 1T 2026 valeur de retrait 183,04 €",verified,"208 € - commission souscription 12 % = 183,04 € ; le paragraphe modalités mentionne 181,28 € (texte vraisemblablement no"
Cristal Life,taux_distribution,6.54,6.54,%,IG_CLBulletin_Trimestriel2026_T1.pdf,"taux de distribution de 6,54 % en 2025",verified,
Cristal Life,capitalisation,387.43,387.43,M€,IG_CLBulletin_Trimestriel2026_T1.pdf,"Capitalisation 387,43 M€",verified,
Cristal Life,tof,95.57,95.57,%,IG_CLBulletin_Trimestriel2026_T1.pdf,"Taux d'Occupation Financier - Locaux occupés 95,57 %",verified,
Cristal Life,endettement,15.62,,,,"Taux d'endettement non indiqué dans le BT ni le DIC (limite statutaire 40 %). Valeur du lot 15,62 % à confirmer via rapport annuel",manual_review,"Taux d'endettement non indiqué dans le BT ni le DIC (limite statutaire 40 %). Valeur du lot 15,62 % à confirmer via rapp"
Cristal Life,nb_associes,,13291,,IG_CLBulletin_Trimestriel2026_T1.pdf,Nombre d'associés 13 291 au 31/03/2026,verified,
Cristal Life,nb_immeubles,,42,,IG_CLBulletin_Trimestriel2026_T1.pdf,Actifs 42,verified,
Cristal Life,nb_locataires,,,,,Nombre de locataires non indiqué (58 baux mentionnés),manual_review,Nombre de locataires non indiqué (58 baux mentionnés)
Cristal Life,repartition_geo,"{'France (Régions)': 50.41, 'Espagne': 21.86, 'Irlande': 12.01, 'Pays-Bas': 5.58, 'Estonie': 4.63, '","{'France (Régions)': 56.34, 'Espagne': 17.92, 'Irlande': 9.21, 'Pays-Bas': 3.9, 'Pologne': 3.84, 'Es",%,IG_CLBulletin_Trimestriel2026_T1.pdf,"Répartition géographique : Régions 56,34 %, Espagne 17,92 %, Irlande 9,21 %, Pays-Bas 3,90 %, Pologne 3,84 %, Estonie 3,76 %, Royaume-Uni 3,15 %, Île-de-France ",verified,
Cristal Life,repartition_sectorielle,"{'Commerce': 33.11, 'Bureaux': 30.06, 'Hôtellerie': 16.64, 'Santé': 16.31, 'Activités': 3.88}","{'Commerce': 29.25, 'Bureau': 26.7, 'Santé': 23.0, 'Hôtel': 13.66, 'Activité & logistique': 7.39}",%,IG_CLBulletin_Trimestriel2026_T1.pdf,"Répartition par typologie : Commerce 29,25 %, Bureau 26,70 %, Santé 23,00 %, Hôtel 13,66 %, Activité & logistique 7,39 %",verified,
Cristal Life,liquidite,,3863,parts retirées T1 2026,IG_CLBulletin_Trimestriel2026_T1.pdf,1T 2026 Retraits 3 863 parts,verified,"Pas de suspension ; collecte trimestrielle ~40 M€, liquidité normale"
Cristal Life,frequence_distribution,Mensuel,Mensuelle,,IG_CLBulletin_Trimestriel2026_T1.pdf,"Distribution mensuelle - Dividende net perçu 1,027 € (28/02), 0,995 € (25/03), 0,976 € (25/04)",verified,
Cristal Life,sfdr_article,,8,,IG_CL_DIC20241203.pdf,CRISTAL Life est un fonds labélisé ISR et relève du champ d'application de l'article 8 du règlement européen n° 2019/2088 (SFDR),verified,
Cristal Life,niveau_risque_dic,,3,sur 7,IG_CL_DIC20241203.pdf,Nous avons classé ce produit dans la classe de risque 3 sur 7,verified,
Cristal Life,duree_placement,10,10,ans,IG_CL_DIC20241203.pdf,Durée de détention recommandée 10 ans,verified,
Cristal Life,frais_souscription,12,12,% TTC,IG_CL_DIC20241203.pdf,"Coûts d'entrée ... frais de souscription 12,00 % ; (BT) Dont commission de souscription 12 % TTI",verified,
Cristal Life,frais_gestion,9,1.01,%/an,IG_CL_DIC20241203.pdf,"Frais de gestion et autres frais administratifs et d'exploitation 1,01 %",verified,Coût récurrent annuel (DIC)
Edissimo,prix_souscription,172.0,172.0,EUR,EDISSIMMO - Bulletin Semestriel 2025 S2.pdf,"Prix de souscription : 172,00 € par part (commission de souscription incluse)",verified,
Edissimo,prix_retrait,158.25,158.25,EUR,EDISSIMMO - Bulletin Semestriel 2025 S2.pdf,"Prix de retrait : 158,25 € par part (depuis le 31/03/2025)",verified,
Edissimo,taux_distribution,4.45,3.63,%,EDISSIMMO - Bulletin Semestriel 2025 S2.pdf,"Distribution brute 6,94 €/part ÷ prix de souscription au 01/01/2025 (191 €) = 3,63 %",verified,"Taux de distribution officiel ASPIM = 3,63 % (base 191 €) ; recalculé sur prix actuel 172 € = 4,04 %. Valeur du lot 4,45"
Edissimo,capitalisation,1639.5,3030,M€,EDISSIMMO - Bulletin Semestriel 2025 S2.pdf,Capitalisation : 3 030 M€,verified,"Valeur du lot (1639,5) fortement périmée"
Edissimo,tof,89.45,87.03,%,EDISSIMMO - Bulletin Semestriel 2025 S2.pdf,"Taux d'occupation Financier annuel 87,03 % (TOF S2 86,47 %)",verified,
Edissimo,endettement,13.8,945,M€,EDISSIMMO - Bulletin Semestriel 2025 S2.pdf,Endettement : 945 M€,verified,"Montant absolu ; ratio % non indiqué dans le bulletin (valeur du lot 13,8 %)"
Edissimo,nb_associes,,59148,,EDISSIMMO - Bulletin Semestriel 2025 S2.pdf,Nombre d'associés 59 148,verified,
Edissimo,nb_immeubles,,178,,EDISSIMMO - Bulletin Semestriel 2025 S2.pdf,Nombre d'immeubles 178,verified,
Edissimo,nb_locataires,,,,,Nombre de locataires non indiqué (80 baux signés sur le semestre),manual_review,Nombre de locataires non indiqué (80 baux signés sur le semestre)
Edissimo,repartition_geo,"{'Paris': 65, 'Île-de-France': 30, 'Régions': 5}","{'Île-de-France': 30.2, 'Paris': 24.8, 'Régions': 21.0, 'Allemagne': 13.7, 'Espagne': 3.5, 'Pays-Bas",%,EDISSIMMO - Bulletin Semestriel 2025 S2.pdf,"Paris 24,8 %, Île-de-France 30,2 %, Régions 21,0 %, Allemagne 13,7 %, Espagne 3,5 %, Pays-Bas 3,4 %, Autriche 0,9 %, Rép.Tchèque 0,9 %, Belgique 0,9 %, Pologne ",verified,
Edissimo,repartition_sectorielle,"{'Bureaux': 88, 'Hôtellerie': 9, 'Logistique': 3}","{'Bureaux': 68.9, 'Commerces': 14.5, 'Logistique': 9.0, 'Hôtels': 4.3, 'Résidences Services': 1.6, '",%,EDISSIMMO - Bulletin Semestriel 2025 S2.pdf,"Bureaux 68,9 %, Commerces 14,5 %, Logistique 9,0 %, Hôtels 4,3 %, Résidences Services 1,6 %, Cliniques 1,2 %, Locaux d'activité 0,5 %",verified,
Edissimo,liquidite,,620526,parts en attente,EDISSIMMO - Bulletin Semestriel 2025 S2.pdf,"Nombre de parts en attente de retrait 620 526 (au 31/12/2025) ; fonds de remboursement utilisé 18,9 M€",verified,"Stock important de parts en attente, liquidité tendue (fonds de remboursement actif)"
Edissimo,frequence_distribution,Trimestriel,Trimestrielle,,EDISSIMMO - Bulletin Semestriel 2025 S2.pdf,"Distributions T1/T2/T3/T4 (dates de versement 22/04, 21/07, 20/10, 20/01)",verified,
Edissimo,sfdr_article,,8,,EDISSIMMO - DIC PRIIPS 2025-07-31.pdf,Le Produit promeut des critères ESG au sens de l'article 8 du Règlement (UE) 2019/2088,verified,
Edissimo,niveau_risque_dic,,4,sur 7,EDISSIMMO - DIC PRIIPS 2025-07-31.pdf,Nous avons classé ce Produit dans la classe de risque 4 sur 7,verified,
Edissimo,duree_placement,10,8,ans,EDISSIMMO - DIC PRIIPS 2025-07-31.pdf,Période de détention recommandée : 8 ans,verified,
Edissimo,frais_souscription,12,7.993,%,EDISSIMMO - DIC PRIIPS 2025-07-31.pdf,"Coûts d'entrée 7,993 % du montant que vous payez lors de l'entrée",verified,"≈ 8 % (172 € - 158,25 € de retrait)"
Edissimo,frais_gestion,9.6,1.03,%/an,EDISSIMMO - DIC PRIIPS 2025-07-31.pdf,"Frais de gestion et autres coûts administratifs ou d'exploitation 1,03 % par an",verified,Coût récurrent annuel (DIC)
Efimmo 1,prix_souscription,212,212.0,EUR,EFIMMO-BT-1T-2026.pdf,"212,00 € prix de souscription de la part d'EFIMMO 1",verified,
Efimmo 1,prix_retrait,190.80,190.8,EUR,EFIMMO-BT-1T-2026.pdf,"190,80 € prix de retrait de la part d'EFIMMO 1",verified,
Efimmo 1,taux_distribution,4.44,4.44,%,EFIMMO-BT-1T-2026.pdf,"Taux de distribution 2025 4,44 % (brut de fiscalité)",verified,
Efimmo 1,capitalisation,1741,1741,M€,EFIMMO-BT-1T-2026.pdf,Capitalisation au 31/03/2026 : 1 741 328 568 €,verified,
Efimmo 1,tof,86.02,86.02,%,EFIMMO-BT-1T-2026.pdf,"Taux d'occupation financier du trimestre 86,02 %",verified,
Efimmo 1,endettement,22364,22,%,EFIMMO-BT-1T-2026.pdf,22 % dette / valeur du patrimoine (364 M€ de dette bancaire),verified,Valeur du lot (22364) résulte d'une concaténation erronée de 22 % et 364 M€
Efimmo 1,nb_associes,21517,21517,,EFIMMO-BT-1T-2026.pdf,Nombre d'associés au 31 mars 2026 : 21 517,verified,
Efimmo 1,nb_immeubles,239,239,,EFIMMO-BT-1T-2026.pdf,Nombre d'immeubles au 31 mars 2026 : 239 (représentant 1 407 unités locatives),verified,
Efimmo 1,nb_locataires,,,,,Nombre de locataires non indiqué ; 1 407 unités locatives mentionnées,manual_review,Nombre de locataires non indiqué ; 1 407 unités locatives mentionnées
Efimmo 1,repartition_geo,"{'France': 74.5, 'Étranger': 25.5}","{'France': 74.1, 'Allemagne': 10.0, 'Pays-Bas': 5.2, 'Royaume-Uni': 4.5, 'Belgique': 2.3, 'Irlande':",%,FP-EF-042026-FR-3-2963.pdf,"France 74,1 % (Paris centre 9,8 %, Grand Paris 35,2 %, Métropoles 29,2 %) ; Étranger 25,9 % : Allemagne 10,0 %, Pays-Bas 5,2 %, Royaume-Uni 4,5 %, Belgique 2,3 ",verified,Données fiche produit au 31/12/2025 (graphique du BT non extractible)
Efimmo 1,repartition_sectorielle,"{'Bureaux': 73.5, 'Autres locaux commerciaux': 9.3, 'Divers': 7.5, 'Commerces de centre-ville et mil","{'Bureaux': 74.4, 'Divers': 9.4, 'Autres locaux commerciaux': 7.6, 'Commerces de centre-ville et mil",%,FP-EF-042026-FR-3-2963.pdf,"Bureaux 74,4 %, Divers 9,4 %, Autres locaux commerciaux 7,6 %, Commerces de centre-ville et milieu urbain 5,2 %",verified,"Fiche produit au 31/12/2025 ; somme ≈ 96,6 %"
Efimmo 1,liquidite,,436951,parts en attente,EFIMMO-BT-1T-2026.pdf,Parts en attente au 31/03/2026 : 436 951,verified,"Depuis le 4e trim. 2023 retraits > souscriptions, risque de liquidité amplifié (fiche produit)"
Efimmo 1,frequence_distribution,Trimestriel,Trimestrielle,,FP-EF-042026-FR-3-2963.pdf,Périodicité des distributions potentielles de revenus : Trimestrielle,verified,
Efimmo 1,sfdr_article,,8,,DIC-EF-042026.pdf,Classification SFDR : Article 8,verified,
Efimmo 1,niveau_risque_dic,,3,sur 7,DIC-EF-042026.pdf,Nous avons classé ce produit dans la classe de risques 3 sur 7,verified,
Efimmo 1,duree_placement,8,8,ans,DIC-EF-042026.pdf,Il est recommandé de conserver les parts pendant une période d'au moins 8 ans,verified,
Efimmo 1,frais_souscription,12,10,% HT,FP-EF-042026-FR-3-2963.pdf,Frais de souscription : 10 % HT (12 % TTC) ; DIC coûts d'entrée 10 %,verified,
Efimmo 1,frais_gestion,9.6,10,% HT,FP-EF-042026-FR-3-2963.pdf,Commission de gestion annuelle : 10 % HT (12 % TTC) des produits locatifs encaissés,verified,"DIC : coût récurrent global 1,79 %/an"
Épargne Foncière,prix_souscription,670,670.0,EUR,EE_BT_20260331.pdf,"Minimum de souscription fixé à 1 part, soit (A) 670,00 €",verified,
Épargne Foncière,prix_retrait,619.75,619.75,EUR,EE_BT_20260331.pdf,"Valeur de retrait (A)-(B) 619,75 €",verified,
Épargne Foncière,taux_distribution,4.86,4.86,%,EE_BT_20260331.pdf,"Taux de distribution(1) 4,86 %",verified,
Épargne Foncière,capitalisation,4143,4142.67,M€,EE_BT_20260331.pdf,Capitalisation 4 142 674 320 €,verified,
Épargne Foncière,tof,88.7,88.7,%,EE_BT_20260331.pdf,"Taux d'Occupation Financier 88,7 %",verified,
Épargne Foncière,endettement,23.08,19.15,%,EE_BT_20260331.pdf,"Endettement réel au 31/03/2026 : 19,15 % (autorisation statutaire 30 %)",verified,"Valeur du lot (23,08) périmée"
Épargne Foncière,nb_associes,,57341,,EE_BT_20260331.pdf,57 341 associés,verified,
Épargne Foncière,nb_immeubles,,235,,EE_BT_20260331.pdf,235 Nombre d'immeubles en direct (+ 172 via des SCI),verified,235 en direct + 172 via SCI
Épargne Foncière,nb_locataires,,,,,Nombre de locataires non explicitement indiqué dans le BT,manual_review,Nombre de locataires non explicitement indiqué dans le BT
Épargne Foncière,repartition_geo,"{'Paris': 22.44, 'Île-de-France': 37.59, 'Régions': 31.82, 'Allemagne': 5.37, 'Pays-Bas': 1.47, 'Roy","{'Île-de-France': 36.9, 'Régions': 32.67, 'Paris': 21.86, 'Allemagne': 5.57, 'Pays-Bas': 1.6, 'Royau",%,EE_BT_20260331.pdf,"Paris 21,86 %, Île-de-France 36,90 %, Régions 32,67 %, Allemagne 5,57 %, Pays-Bas 1,60 %, Royaume-Uni 0,99 %, Irlande 0,41 %",verified,
Épargne Foncière,repartition_sectorielle,"{'Bureaux': 70.99, 'Commerces': 19.36, 'Hôtels': 5.73, 'Santé et éducation': 3.4, ""Logistique et loc","{'Bureaux': 69.56, 'Commerces': 19.93, 'Hôtels, tourisme et loisirs': 6.26, 'Santé et éducation': 3.",%,EE_BT_20260331.pdf,"Bureaux 69,56 %, Commerces 19,93 %, Hôtels tourisme et loisirs 6,26 %, Santé et éducation 3,81 %, Logistique et locaux d'activités 0,44 %",verified,
Épargne Foncière,liquidite,,480544,parts en attente,EE_BT_20260331.pdf,"Parts en attente de retrait 480 544 (297,8 M€) soit 7,8 % de la capitalisation",verified,Stock notable de parts en attente ; fonds de remboursement non reconduit en 2026
Épargne Foncière,frequence_distribution,Trimestriel,Trimestrielle,,EE_BT_20260331.pdf,Versements potentiels : 30 juillet 2026 / 29 octobre 2026 / 29 janvier 2027,verified,
Épargne Foncière,sfdr_article,,9,,EE_DIC.pdf,La SCPI a été classifiée article 9 au sens de SFDR ; (BT) Classement SFDR : article 9,verified,
Épargne Foncière,niveau_risque_dic,,4,sur 7,EE_DIC.pdf,Ce produit a été catégorisé dans la classe de risque 4 sur 7,verified,
Épargne Foncière,duree_placement,9,9,ans,EE_DIC.pdf,Durée de placement minimale recommandée : 9 ans,verified,
Épargne Foncière,frais_souscription,9,7.5,% HT,EE_BT_20260331.pdf,"Commission de souscription : 7,50 % HT max, soit 9 % TTC",verified,
Épargne Foncière,frais_gestion,10,10,% HT,EE_BT_20260331.pdf,"Commission de gestion locative : 10 % HT max, soit 12 % TTC des produits locatifs encaissés",verified,"DIC : coût récurrent global 1,53 %/an"
Épargne Pierre,prix_souscription,208,208,EUR,BPI1T2026-EP.pdf,Prix de souscription 208 €/part,verified,
Épargne Pierre,prix_retrait,187.20,187.2,EUR,BPI1T2026-EP.pdf,"Prix de retrait à partir du 01/01/2023 : 187,20 €",verified,
Épargne Pierre,taux_distribution,5.28,5.28,%,BPI1T2026-EP.pdf,"Taux de Distribution de 5,28 % (au titre de 2025)",verified,
Épargne Pierre,capitalisation,2811,2811,M€,BPI1T2026-EP.pdf,Capitalisation 2 811 M€ (2 811 241 056 € au 31/03/2026),verified,
Épargne Pierre,tof,94.41,94.41,%,BPI1T2026-EP.pdf,"Taux d'occupation financier (TOF) 94,41 %",verified,
Épargne Pierre,endettement,11.2,11.2,%,BPI1T2026-EP.pdf,"Taux d'endettement 11,2 % (au 31/12/2025 ; endettement 314 M€)",verified,
Épargne Pierre,nb_associes,52337,52989,,BPI1T2026-EP.pdf,52 989 associés (au 31/03/2026),verified,
Épargne Pierre,nb_immeubles,410,414,,BPI1T2026-EP.pdf,Nombre d'immeubles 414 (au 31/12/2025),verified,Valeur du lot 410 (31/12/2024)
Épargne Pierre,nb_locataires,,1020,baux,BPI1T2026-EP.pdf,Nombre de baux 1 020 ; loués à plus de 1 000 entreprises,verified,1 020 baux ; >1 000 entreprises locataires (nb exact de locataires non publié)
Épargne Pierre,repartition_geo,"{'Paris': 27.57, 'Île-de-France': 15.43, 'Sud-Ouest': 17.39, 'Nord-Ouest': 12.92, 'Nord': 12.65, 'Su","{'Paris / Île-de-France': 27.06, 'Nord-Ouest': 17.39, 'Sud-Ouest': 16.21, 'Nord-Est': 13.7, 'Sud-Est",%,BPI1T2026-EP.pdf,"Paris Île-de-France 27,06 %, Nord-Ouest 17,39 %, Sud-Ouest 16,21 %, Nord-Est 13,70 %, Sud-Est 12,95 %, Nord 12,69 %",verified,
Épargne Pierre,repartition_sectorielle,"{'Bureaux': 48.15, 'Commerces': 29.35, 'Activités/Entrepôts': 8.41, 'Tourisme/Hôtel': 8.7, 'Santé/Ed","{'Bureaux': 46.88, 'Commerces': 28.95, 'Tourisme / Hôtel': 10.14, 'Activités / Entrepôts': 8.28, 'Sa",%,BPI1T2026-EP.pdf,"Bureaux 46,88 %, Commerces 28,95 %, Tourisme/Hôtel 10,14 %, Activités/Entrepôts 8,28 %, Santé/Education 5,59 %, Résidentiel/Alternatif 0,16 %",verified,
Épargne Pierre,liquidite,,40859,parts en attente,BPI1T2026-EP.pdf,Parts en attente de retrait sur le marché primaire au 31/03/2026 : 40 859,verified,"Retraits accrus au T1 2026 (sortie d'un institutionnel) mais pas de suspension ; collecte brute 25,9 M€"
Épargne Pierre,frequence_distribution,Trimestriel,Trimestrielle,,BPI1T2026-EP.pdf,"Revenus 2026 versés aux 1er, 2e, 3e et 4e trimestres",verified,
Épargne Pierre,sfdr_article,,8,,2025-10-31-DIC_Epargne_Pierre.pdf,La SCPI relève de l'article 8 du Règlement (UE) 2019/2088 dit SFDR,verified,
Épargne Pierre,niveau_risque_dic,,3,sur 7,2025-10-31-DIC_Epargne_Pierre.pdf,Nous avons classé EPARGNE PIERRE dans la classe de risque 3 sur 7,verified,
Épargne Pierre,duree_placement,10,10,ans,2025-10-31-DIC_Epargne_Pierre.pdf,Période de détention recommandée : 10 ans,verified,
Épargne Pierre,frais_souscription,12,12,% TTC,BPI1T2026-EP.pdf,"Commission de Souscription 24,96 € TTC (soit 12 % TTC)",verified,
Épargne Pierre,frais_gestion,10,0.97,%/an,2025-10-31-DIC_Epargne_Pierre.pdf,"Frais de gestion et autres frais administratifs et d'exploitation 97 € pour 10 000 € investis (≈ 0,97 %/an)",verified,Coût récurrent annuel (DIC) ; taux de commission de gestion non publié dans les documents lus
Épargne Pierre Europe,prix_souscription,200,200,EUR,BPI1T2026-EPE-web-2.pdf,"200 €/part ; Prix de souscription* 200,00 € (au 31/12/2025)",verified,
Épargne Pierre Europe,prix_retrait,180.00,180,EUR,BPI1T2026-EPE-web-2.pdf,"Prix de retrait 180,00 € par part",verified,
Épargne Pierre Europe,taux_distribution,5.5,6.75,%,BPI1T2026-EPE-web-2.pdf,"Taux de distribution brut de fiscalité étrangère 31/12/2025 : 6,75 % (net 5,54 %)",verified,"TD 2025 brut de fiscalité étrangère = 6,75 % ; net = 5,54 %. TRI cible 10 ans = 5,50 %."
Épargne Pierre Europe,capitalisation,479,635,M€,BPI1T2026-EPE-web-2.pdf,Au 31/03/2026 Capitalisation 635 217 800 €,verified,
Épargne Pierre Europe,tof,100,99.88,%,BPI1T2026-EPE-web-2.pdf,"TOF 99,88 %",verified,
Épargne Pierre Europe,endettement,0,0,%,BPI1T2026-EPE-web-2.pdf,Taux d'endettement 0 % (31/12/2025),verified,
Épargne Pierre Europe,nb_associes,13615,17816,associés,BPI1T2026-EPE-web-2.pdf,17 816 ASSOCIÉS (au 31/03/2026),verified,
Épargne Pierre Europe,nb_immeubles,16,27,immeubles,BPI1T2026-EPE-web-2.pdf,Nombre d'immeubles 31/12/2025 : 27,verified,Chiffre au 31/12/2025 ; 2 acquisitions au RU au T1 2026 non encore consolidées dans le compteur.
Épargne Pierre Europe,nb_locataires,,54,baux,BPI1T2026-EPE-web-2.pdf,Nombre de baux 31/12/2025 : 54,verified,Donnée = nombre de baux (locataires non distingués).
Épargne Pierre Europe,repartition_geo,"{'Irlande': 33.97, 'Allemagne': 30.47, 'Espagne': 24.04, 'Pays-Bas': 11.52}","{'Espagne': 29.53, 'Irlande': 25.64, 'Allemagne': 23.88, 'Royaume-Uni': 11.99, 'Pays-Bas': 8.96}",%,BPI1T2026-EPE-web-2.pdf,Répartition géographique (valeurs vénales) au 31/03/2026,verified,"Somme = 100,00 %."
Épargne Pierre Europe,repartition_sectorielle,"{'Hôtellerie': 35.56, 'Bureaux': 27.34, 'Commerces': 19.22, 'Activités/Entrepôts': 11.52, 'Santé': 6","{'Hôtellerie': 27.87, 'Commerces': 25.78, 'Bureaux': 24.61, 'Activités/Entrepôts': 16.98, 'Santé': 4",%,BPI1T2026-EPE-web-2.pdf,Répartition sectorielle (valeurs vénales) au 31/03/2026,verified,"Somme = 100,00 %."
Épargne Pierre Europe,liquidite,,0,parts en attente,BPI1T2026-EPE-web-2.pdf,Parts en attente de retrait sur le marché primaire au 31/03/2026 : 0,verified,"Aucune part en attente, liquidité normale."
Épargne Pierre Europe,frequence_distribution,Trimestriel,trimestrielle,,BPI1T2026-EPE-web-2.pdf,"Distributions trimestrielles (avril, juillet, octobre, janvier)",verified,
Épargne Pierre Europe,sfdr_article,,8,,Annexe-2-Reglementation-delegue-SFDR-SCPI-Epargne-Pierre-Europe-042026-V3.pdf,Informations précontractuelles pour les produits financiers relevant de l'article 8 du Règlement (UE) 2019/2088,verified,
Épargne Pierre Europe,niveau_risque_dic,,,,,Pas de DIC dans le lot pour EPE ; SRI non extrait.,manual_review,Pas de DIC dans le lot pour EPE ; SRI non extrait.
Épargne Pierre Europe,duree_placement,10,10,ans,BPI1T2026-EPE-web-2.pdf,TRI cible sur 10 ans ; horizon long terme,verified,Horizon long terme (10 ans) ; durée DIC non disponible (pas de DIC).
Épargne Pierre Europe,frais_souscription,12,12,% TTC,BPI1T2026-EPE-web-2.pdf,"Commission de Souscription 24,00 € TTC (soit 12 % TTC)",verified,
Épargne Pierre Europe,frais_gestion,10,,,,Commission de gestion non précisée dans le bulletin.,manual_review,Commission de gestion non précisée dans le bulletin.
Ficommerce Proximité,prix_souscription,70,70,EUR,BTI Ficommerce T1 2026.pdf,"Prix de souscription à compter du 01.01.2026 : 70 € (division du nominal par 3, valeur nominale 51 €, prime 19 €)",verified,Division du nominal par 3 confirmée : ancienne part 210 € = 3 parts de 70 €.
Ficommerce Proximité,prix_retrait,63.0,63,EUR,BTI Ficommerce T1 2026.pdf,Prix de retrait : 63 € (suite à la division du prix de part le 01.01.2026),verified,
Ficommerce Proximité,taux_distribution,5.1,5.1,%,BTI Ficommerce T1 2026.pdf,"Taux de distribution (TD) 2025 : 5,10 %",verified,
Ficommerce Proximité,capitalisation,596,596,M€,BTI Ficommerce T1 2026.pdf,Capitalisation 596 M €,verified,
Ficommerce Proximité,tof,95.72,94.56,%,BTI Ficommerce T1 2026.pdf,"Taux d'Occupation Financier 1er trimestre 2026 : 94,56 %",verified,
Ficommerce Proximité,endettement,1.79,6.86,%,BTI Ficommerce T1 2026.pdf,"Taux d'endettement au 31.03.2026 : 6,86 %",verified,"Valeur 1,79 antérieure remplacée."
Ficommerce Proximité,nb_associes,8120,8120,associés,BTI Ficommerce T1 2026.pdf,Associés 8 120,verified,
Ficommerce Proximité,nb_immeubles,281,281,immeubles,BTI Ficommerce T1 2026.pdf,Immeubles 281,verified,
Ficommerce Proximité,nb_locataires,,443,locataires,BTI Ficommerce T1 2026.pdf,Nombre de locataires 443,verified,
Ficommerce Proximité,repartition_geo,"{'Régions': 51.8, 'Paris': 25.8, 'Île-de-France': 19.9, 'Europe': 2.5}","{'Régions': 51.9, 'Paris': 25.3, 'Île-de-France': 20.3, 'Europe': 2.5}",%,BTI Ficommerce T1 2026.pdf,Répartition géographique (valeur vénale au 31.03.2026),verified,"Somme = 100,0 %."
Ficommerce Proximité,repartition_sectorielle,"{'Locaux commerciaux': 84.9, 'Bureaux': 14.9, 'Entrepôts-activités': 0.2}","{'Locaux commerciaux': 84.9, 'Bureaux': 14.9, 'Entrepôts, activités et divers': 0.2}",%,BTI Ficommerce T1 2026.pdf,Répartition par destination (valeur vénale),verified,"Somme = 100,0 %."
Ficommerce Proximité,liquidite,,546508,parts en attente,BTI Ficommerce T1 2026.pdf,546 508 parts en attente de retrait au 31 mars 2026 ; solde marché primaire T1 = +10 parts,verified,ALERTE LIQUIDITÉ : 546 508 parts en attente de retrait. Marché secondaire possible en cas de suspension de variabilité.
Ficommerce Proximité,frequence_distribution,Trimestriel,trimestrielle,,BTI Ficommerce T1 2026.pdf,"Acomptes trimestriels (distribution trimestrielle de 0,83 €/part au T1 2026)",verified,
Ficommerce Proximité,sfdr_article,,8,,DIC FICOMMERCE 31.12.2024.pdf,La SCPI relève de l'article 8 du Règlement (UE) 2019/2088 dit SFDR,verified,
Ficommerce Proximité,niveau_risque_dic,,3,sur 7,DIC FICOMMERCE 31.12.2024.pdf,Nous avons classé ce produit dans la classe de risque 3 sur 7,verified,
Ficommerce Proximité,duree_placement,8,8,ans,DIC FICOMMERCE 31.12.2024.pdf,Période de détention recommandée : 8 années,verified,
Ficommerce Proximité,frais_souscription,12,12,% TTC,BTI Ficommerce T1 2026.pdf,Commission de souscription : 10 % HT (12 % TTC) du montant de chaque souscription,verified,
Ficommerce Proximité,frais_gestion,9.3,11.4,% TTC,BTI Ficommerce T1 2026.pdf,"Commission de gestion : 9,5 % HT (11,4 % TTC) des produits locatifs encaissés HT",verified,
Foncière des Praticiens,prix_souscription,1100,1100,EUR,BT-1T-2026-Fonciere-des-Praticiens.pdf,Prix de souscription par part : 1 100 €,verified,
Foncière des Praticiens,prix_retrait,1012.00,1012,EUR,BT-1T-2026-Fonciere-des-Praticiens.pdf,Valeur de retrait par part : 1 012 €,verified,
Foncière des Praticiens,taux_distribution,5.5,5.5,%,BT-1T-2026-Fonciere-des-Praticiens.pdf,"Taux de distribution 2025 : 5,50 %",verified,
Foncière des Praticiens,capitalisation,179.407,173,M€,BT-1T-2026-Fonciere-des-Praticiens.pdf,"Capitalisation 173 M€ (au 31/03/2026, capital nominal 152 662 884 €)",verified,
Foncière des Praticiens,tof,97.08,96.7,%,BT-1T-2026-Fonciere-des-Praticiens.pdf,"Taux d'occupation financier 96,70 %",verified,
Foncière des Praticiens,endettement,22.15,20.69,%,BT-1T-2026-Fonciere-des-Praticiens.pdf,"Dette et autres engagements 20,69 % (dont emprunts bancaires 10,87 % + VEFA/acquisitions à terme 9,82 %) au 31/03/2026",verified,"Emprunts bancaires seuls = 10,87 % ; total dette et engagements = 20,69 %."
Foncière des Praticiens,nb_associes,2768,2907,associés,BT-1T-2026-Fonciere-des-Praticiens.pdf,2 907 Associés (au 31/03/2026),verified,
Foncière des Praticiens,nb_immeubles,23,23,actifs,BT-1T-2026-Fonciere-des-Praticiens.pdf,23 Actifs immobiliers / Actifs de santé,verified,
Foncière des Praticiens,nb_locataires,,80,locataires,BT-1T-2026-Fonciere-des-Praticiens.pdf,80 Locataires,verified,
Foncière des Praticiens,repartition_geo,"{'France': 70, 'Belgique': 30}","{'France': 68, 'Belgique': 32}",%,BT-1T-2026-Fonciere-des-Praticiens.pdf,Patrimoine diversifié en France et en Belgique 68 % / 32 % (valeur d'expertise),verified,Somme = 100 %.
Foncière des Praticiens,repartition_sectorielle,"{'Lieux de soins, de traitement et de consultation': 46, ""Locaux d'accompagnement et rééducation"": 3","{'Lieux de soins, de traitement et de consultation': 45, ""Locaux d'accompagnement et rééducation"": 3",%,BT-1T-2026-Fonciere-des-Praticiens.pdf,Répartition par typologie (valeur vénale au 31/03/2026),verified,Somme = 100 %.
Foncière des Praticiens,liquidite,,0,parts en attente,BT-1T-2026-Fonciere-des-Praticiens.pdf,Parts en attente de retrait : 0 ; toutes les demandes de retrait ont été compensées au T1 2026,verified,Liquidité normale.
Foncière des Praticiens,frequence_distribution,Trimestriel,trimestrielle,,BT-1T-2026-Fonciere-des-Praticiens.pdf,"Revenus distribués chaque trimestre (versements 31/07, 31/10, 31/01, 30/04)",verified,
Foncière des Praticiens,sfdr_article,,8,,BT-1T-2026-Fonciere-des-Praticiens.pdf,Classification SFDR : article 8,verified,
Foncière des Praticiens,niveau_risque_dic,,3,sur 7,DIC_-_SCPI_Fonciere_des_Praticiens_-_2025-05-02.pdf,Nous avons classé le produit dans la classe de risque 3 sur 7,verified,
Foncière des Praticiens,duree_placement,8 à 12,8 à 12 ans,ans,DIC_-_SCPI_Fonciere_des_Praticiens_-_2025-05-02.pdf,La durée de conservation des parts recommandée est de 8 à 12 ans,verified,
Foncière des Praticiens,frais_souscription,9.6,9.6,% TTC,DIC_-_SCPI_Fonciere_des_Praticiens_-_2025-05-02.pdf,"Coûts d'entrée 9.60 % du montant payé à l'entrée (prime d'émission 130 € dont 105,60 € TTC commission de souscription)",verified,
Foncière des Praticiens,frais_gestion,8.5,,,,"Commission de gestion (% des loyers) non précisée dans BT/DIC ; KID frais récurrents 0,54 %/an.",manual_review,"Commission de gestion (% des loyers) non précisée dans BT/DIC ; KID frais récurrents 0,54 %/an."
GMA Essentialis,prix_souscription,150,206,EUR,SCPI_GMA_Essentialis_-_Bulletin_dInformation_P3_2025.pdf,"Prix de souscription depuis 14 juillet 2024 : 206,00 € (dont 150 € valeur nominale et 56 € prime d'émission)",verified,"ANOMALIE : valeur précédente 150 € correspondait à la valeur nominale, pas au prix de souscription qui est 206 €."
GMA Essentialis,prix_retrait,132.0,185.4,EUR,SCPI_GMA_Essentialis_-_Bulletin_dInformation_P3_2025.pdf,"Prix de retrait 185,40 €",verified,ANOMALIE : valeur précédente 132 € erronée.
GMA Essentialis,taux_distribution,0,4.0,%,SCPI_GMA_Essentialis_-_Bulletin_dInformation_P3_2025.pdf,"Taux de distribution 2025 : 4,00 %",verified,"ANOMALIE : valeur précédente 0 erronée. TD 2024 = 4,00 % ; 2023 = 3,01 %."
GMA Essentialis,capitalisation,42.32,44.55,M€,SCPI_GMA_Essentialis_-_Bulletin_dInformation_P3_2025.pdf,Capitalisation 44 550 858 € (au 31/12/2025),verified,
GMA Essentialis,tof,99.67,99.7,%,SCPI_GMA_Essentialis_-_Bulletin_dInformation_P3_2025.pdf,"Taux d'occupation financier P3 2025 : 99,70 %",verified,
GMA Essentialis,endettement,39.07,38.8,%,SCPI_GMA_Essentialis_-_Bulletin_dInformation_P3_2025.pdf,"Ratio de dettes : 38,8 % (dette 25,2 M€ au 31/12/2025)",verified,
GMA Essentialis,nb_associes,,999,associés,SCPI_GMA_Essentialis_-_Bulletin_dInformation_P3_2025.pdf,Nombre d'associés : 999,verified,
GMA Essentialis,nb_immeubles,,14,actifs,SCPI_GMA_Essentialis_-_Bulletin_dInformation_P3_2025.pdf,14 Actifs,verified,
GMA Essentialis,nb_locataires,,19,locataires,SCPI_GMA_Essentialis_-_Bulletin_dInformation_P3_2025.pdf,19 Locataires,verified,
GMA Essentialis,repartition_geo,"{'France': 51, 'Allemagne': 49}","{'Allemagne': 60, 'France': 40}",%,SCPI_GMA_Essentialis_-_Bulletin_dInformation_P3_2025.pdf,Répartition géographique : France / Allemagne 40 % / 60 %,manual_review,Ordre France/Allemagne face à 40 %/60 % ambigu dans le bulletin (OCR). À confirmer : probablement Allemagne 60 % / Franc
GMA Essentialis,repartition_sectorielle,"{'Alimentaire': 90, 'Tertiaire': 10}","{'Commerce alimentaire': 96.49, 'Droguerie': 2.08, 'Autres commerces': 1.43}",%,SCPI_GMA_Essentialis_-_Bulletin_dInformation_P3_2025.pdf,"Répartition sectorielle : Commerce alimentaire 96,49 %, Droguerie 2,08 %, Autres commerces 1,43 %",verified,"Somme = 100,0 %."
GMA Essentialis,liquidite,,0,parts en attente,SCPI_GMA_Essentialis_-_Bulletin_dInformation_P3_2025.pdf,Nombre de parts en attente de cession : 0,verified,Liquidité normale.
GMA Essentialis,frequence_distribution,Trimestriel,trois fois par an,,DIC_-_GMA_ESSENTIALIS_-_2025-12-15.pdf,"Les revenus sont versés trois fois par an, dans un délai de 45 jours suivant la fin de chaque période de souscription",verified,
GMA Essentialis,sfdr_article,,9,,DIC_-_GMA_ESSENTIALIS_-_2025-12-15.pdf,La SCPI poursuit un objectif d'investissement durable au sens de l'article 9 SFDR,verified,
GMA Essentialis,niveau_risque_dic,,3,sur 7,DIC_-_GMA_ESSENTIALIS_-_2025-12-15.pdf,Nous avons classé le produit dans la classe de risque 3 sur 7,verified,
GMA Essentialis,duree_placement,10,10,ans,DIC_-_GMA_ESSENTIALIS_-_2025-12-15.pdf,Période de détention minimale recommandée : 10 ans,verified,
GMA Essentialis,frais_souscription,12,12,% TTC,SCPI_GMA_Essentialis_-_Bulletin_dInformation_P3_2025.pdf,Commission de souscription 10 % HT (soit 12 % TTC) du prix de souscription,verified,
GMA Essentialis,frais_gestion,10,14.4,% TTC,SCPI_GMA_Essentialis_-_Bulletin_dInformation_P3_2025.pdf,"Commission de gestion annuelle 12 % HT maximum (soit 14,40 % TTC)",verified,
Grand Paris Résidentiel,prix_souscription,200,200,EUR,IG_GPRBulletin_Semestriel2025_S1.pdf,Prix de souscription 200 €,verified,
Grand Paris Résidentiel,prix_retrait,176.00,176,EUR,IG_GPRBulletin_Semestriel2025_S1.pdf,Valeur de retrait 176 € (prix de souscription moins frais de souscription),verified,
Grand Paris Résidentiel,taux_distribution,0,0,%,IG_RapportAnnuel_2025GPR.pdf,Distribution : La Société de gestion procédera au versement des dividendes dès lors que les bénéfices de la SCPI le permettront ; résultat affecté au report à n,verified,SCPI résidentielle de capitalisation/déficit foncier : aucune distribution en 2025.
Grand Paris Résidentiel,capitalisation,12.21,12.04,M€,IG_RapportAnnuel_2025GPR.pdf,"Capitalisation 12,04 M€ (12 043 000 € au 31/12/2025)",verified,
Grand Paris Résidentiel,tof,92.14,92.38,%,IG_RapportAnnuel_2025GPR.pdf,"TOF 2025 annuel : 92,38 % (locaux occupés)",verified,"TOF S1 2025 (bulletin) = 92,21 %."
Grand Paris Résidentiel,endettement,38.44,38.77,%,IG_RapportAnnuel_2025GPR.pdf,"Ratio d'endettement effectif au 31/12/2025 : 38,77 %",verified,
Grand Paris Résidentiel,nb_associes,,239,associés,IG_RapportAnnuel_2025GPR.pdf,"Au 31 décembre 2025, capital réparti entre 239 associés",verified,
Grand Paris Résidentiel,nb_immeubles,,7,immeubles,IG_GPRBulletin_Semestriel2025_S1.pdf,Actifs 7 (2 678 m² répartis sur 7 immeubles),verified,
Grand Paris Résidentiel,nb_locataires,,,,,Nombre de locataires non indiqué ; patrimoine = 7 immeubles / 55 lots.,manual_review,Nombre de locataires non indiqué ; patrimoine = 7 immeubles / 55 lots.
Grand Paris Résidentiel,repartition_geo,"{'Ile-de-France': 87, 'Régions': 13}","{'Île-de-France': 87, 'Régions': 13}",%,IG_GPRBulletin_Semestriel2025_S1.pdf,"Répartition géographique (% valeur vénale) : Île-de-France 87 %, Régions 13 %",verified,Somme = 100 %.
Grand Paris Résidentiel,repartition_sectorielle,"{'Logement': 99.6, 'Commerces': 0.4}",,,,Aucune répartition sectorielle chiffrée extractible (BT et RA ne présentent que des graphiques). Patrimoine 100 % résidentiel (immeubles d'habitation pouvant co,manual_review,Aucune répartition sectorielle chiffrée extractible (BT et RA ne présentent que des graphiques). Patrimoine 100 % réside
Grand Paris Résidentiel,liquidite,,2429,parts en attente,IG_RapportAnnuel_2025GPR.pdf,"Demande de retrait en attente au 31/12/2025 : 2 429 parts ; délai moyen d'exécution d'un retrait 127,50 jours",verified,"ALERTE LIQUIDITÉ : 2 429 parts en attente de retrait, délai d'exécution ~127 jours."
Grand Paris Résidentiel,frequence_distribution,Trimestriel,,,,Aucune distribution en 2025 ; fréquence non applicable.,manual_review,Aucune distribution en 2025 ; fréquence non applicable.
Grand Paris Résidentiel,sfdr_article,,6,,IG_GPRBulletin_Semestriel2025_S1.pdf,Classification SFDR : La SCPI relève du champ d'application de l'article 6 du Règlement Européen n°2019/2088,verified,
Grand Paris Résidentiel,niveau_risque_dic,,3,sur 7,IG_GPR_DIC20241203.pdf,Nous avons classé ce produit dans la classe de risque 3 sur 7,verified,
Grand Paris Résidentiel,duree_placement,10,10,ans,IG_GPR_DIC20241203.pdf,Durée de détention recommandée : 10 ans,verified,
Grand Paris Résidentiel,frais_souscription,12,12,% TTI,IG_GPRBulletin_Semestriel2025_S1.pdf,Commission de souscription 12 % TTI,verified,
Grand Paris Résidentiel,frais_gestion,10,12,% TTI,IG_GPRBulletin_Semestriel2025_S1.pdf,Commission de gestion 12 % TTI (des produits locatifs HT encaissés et produits financiers nets),verified,
Immorente,prix_souscription,340,340,EUR,IMMORENTE-BT-1T-2026-1.pdf,Prix de souscription de la part d'Immorente : 340 € (depuis le 1er novembre 2021),verified,
Immorente,prix_retrait,306.00,306,EUR,IMMORENTE-BT-1T-2026-1.pdf,Prix de retrait de la part d'Immorente : 306 €,verified,
Immorente,taux_distribution,5,5.0,%,IMMORENTE-BT-1T-2026-1.pdf,"Taux de distribution 2025 : 5,00 % brut de fiscalité (4,81 % net)",verified,
Immorente,capitalisation,4391,4391,M€,IMMORENTE-BT-1T-2026-1.pdf,Capitalisation au 31/03/2026 : 4 391 494 060 €,verified,
Immorente,tof,91.21,91.21,%,IMMORENTE-BT-1T-2026-1.pdf,"Taux d'occupation financier du trimestre : 91,21 %",verified,
Immorente,endettement,19.1,19.1,%,IMMORENTE-BT-1T-2026-1.pdf,"% dette / valeur du patrimoine : 19,1 % (dette bancaire 792 M€)",verified,
Immorente,nb_associes,,50244,associés,IMMORENTE-BT-1T-2026-1.pdf,Nombre d'associés au 31 mars 2026 : 50 244,verified,
Immorente,nb_immeubles,,994,immeubles,IMMORENTE-BT-1T-2026-1.pdf,Nombre d'immeubles au 31 mars 2026 : 994,verified,
Immorente,nb_locataires,,3261,unités locatives,IMMORENTE-BT-1T-2026-1.pdf,994 immeubles représentant 3 261 unités locatives,verified,Donnée = unités locatives (nombre de locataires non distingué).
Immorente,repartition_geo,"{'Paris Centre': 22.5, 'Grand Paris': 25, 'Métropoles françaises': 32.8, 'Pays-Bas': 7.9, 'Allemagne",,,,Répartition géographique présente sous forme de graphique non lisible en texte dans le BT ; valeurs chiffrées non extractibles.,manual_review,Répartition géographique présente sous forme de graphique non lisible en texte dans le BT ; valeurs chiffrées non extrac
Immorente,repartition_sectorielle,"{'Bureaux': 36.3, 'Commerces de centre-ville et milieu urbain': 24.1, 'Galeries commerciales': 13.7,",,,,Répartition sectorielle présente sous forme de graphique non lisible en texte dans le BT ; valeurs chiffrées non extractibles.,manual_review,Répartition sectorielle présente sous forme de graphique non lisible en texte dans le BT ; valeurs chiffrées non extract
Immorente,liquidite,,181973,parts en attente,IMMORENTE-BT-1T-2026-1.pdf,181 973 parts en attente au 31/03/2026 ; délai de jouissance raccourci jusqu'au 31/12/2026 ou tant qu'il y a des demandes de retrait,verified,ALERTE LIQUIDITÉ : 181 973 parts en attente de retrait.
Immorente,frequence_distribution,Trimestriel,trimestrielle,,IMMORENTE-BT-1T-2026-1.pdf,"Acompte du trimestre 3,51 € par part ; distribution trimestrielle",verified,
Immorente,sfdr_article,,8,,DIC-IR-042026.pdf,Classification SFDR : Article 8,verified,
Immorente,niveau_risque_dic,,3,sur 7,DIC-IR-042026.pdf,Nous avons classé ce produit dans la classe de risques 3 sur 7,verified,
Immorente,duree_placement,8,8,ans,DIC-IR-042026.pdf,Il est recommandé aux investisseurs de conserver leurs parts pendant une période d'au moins 8 ans,verified,
Immorente,frais_souscription,12,10,%,DIC-IR-042026.pdf,Coûts d'entrée 10 % du montant payé au moment de l'entrée dans l'investissement,verified,
Immorente,frais_gestion,10,,,,"Commission de gestion (% des loyers) non précisée dans BT/DIC ; KID frais de gestion et autres frais 1,55 %/an.",manual_review,"Commission de gestion (% des loyers) non précisée dans BT/DIC ; KID frais de gestion et autres frais 1,55 %/an."
Iroko Zen,prix_souscription,200,204,EUR,Iroko_Zen_bulletin_trimestriel.pdf,Prix de souscription au 31/03/2026 : 204 €,verified,
Iroko Zen,prix_retrait,204,204,EUR,Iroko_Zen_bulletin_trimestriel.pdf,"Valeur de retrait 204 € (commission de souscription 0 %, retrait = souscription)",verified,
Iroko Zen,taux_distribution,7.12,,,,"Le BT ne donne pas le TD 2025 en % ; dividende 2025 voté en AG = 12,20 €/part ; objectif de distribution cible fixé à 5,5 %. TD 2024 = 7,12 % (valeur précédente",manual_review,"Le BT ne donne pas le TD 2025 en % ; dividende 2025 voté en AG = 12,20 €/part ; objectif de distribution cible fixé à 5,"
Iroko Zen,capitalisation,1237,1499,M€,Iroko_Zen_bulletin_trimestriel.pdf,"Capitalisation 1,499 Md€ (au 31/03/2026)",verified,
Iroko Zen,tof,97,97.11,%,Iroko_Zen_bulletin_trimestriel.pdf,"Taux d'Occupation Financier (TOF) 97,11 %",verified,
Iroko Zen,endettement,30.1,25.07,%,Iroko_Zen_bulletin_trimestriel.pdf,"Ratio d'endettement (LTV) 25,07 %",verified,
Iroko Zen,nb_associes,,29350,associés,Iroko_Zen_bulletin_trimestriel.pdf,Nombre total d'associés 29 350,verified,
Iroko Zen,nb_immeubles,164,177,actifs,Iroko_Zen_bulletin_trimestriel.pdf,Nombre total d'actifs 177,verified,
Iroko Zen,nb_locataires,,411,locataires,Iroko_Zen_bulletin_trimestriel.pdf,Nombre total de locataires 411,verified,
Iroko Zen,repartition_geo,"{'France': 29.5, 'Royaume-Uni': 25.8, 'Pays-Bas': 13.3, 'Espagne': 11.5, 'Irlande': 10.9, 'Allemagne","{'France': 27.5, 'Royaume-Uni': 27.4, 'Pays-Bas': 13.7, 'Espagne': 11.3, 'Irlande': 10.6, 'Allemagne",%,Iroko_Zen_bulletin_trimestriel.pdf,Répartition géographique (valeur d'expertise HD),verified,"Somme = 100,0 %. Mapping reconstitué (libellés/valeurs séparés dans le PDF)."
Iroko Zen,repartition_sectorielle,"{'Commerces': 36.2, 'Bureaux': 29.4, ""Locaux d'activités"": 15.1, 'Entrepôts': 10.4, 'Santé / Crèches","{'Commerces': 37.0, 'Bureaux': 27.7, ""Locaux d'activités"": 12.9, 'Logistique': 11.4, 'Santé/hôteller",%,Iroko_Zen_bulletin_trimestriel.pdf,Répartition par typologie (valeur d'expertise HD),verified,"Somme = 100,0 %."
Iroko Zen,liquidite,,0,parts en attente,Iroko_Zen_bulletin_trimestriel.pdf,22 163 parts retirées dont 0 en attente de retrait ; délai de retrait < 1 mois,verified,Liquidité normale. Frais de sortie 6 % TTC si retrait avant 3 ans (avant 6 ans à compter du 01/09/2026).
Iroko Zen,frequence_distribution,Mensuel,mensuelle,,Iroko_Zen_bulletin_trimestriel.pdf,La distribution des dividendes est mensuelle,verified,
Iroko Zen,sfdr_article,,,,,Article SFDR non explicité dans le BT ni le mémo DIC ; SCPI labellisée ISR (Article 8 attendu à confirmer via note d'information).,manual_review,Article SFDR non explicité dans le BT ni le mémo DIC ; SCPI labellisée ISR (Article 8 attendu à confirmer via note d'inf
Iroko Zen,niveau_risque_dic,,,,,Échelle SRI 1-7 affichée dans le BT sans indication de la classe ; mémo DIC ne précise pas. À confirmer (SRI 3 attendu).,manual_review,Échelle SRI 1-7 affichée dans le BT sans indication de la classe ; mémo DIC ne précise pas. À confirmer (SRI 3 attendu).
Iroko Zen,duree_placement,10,10,ans,Iroko_Zen_bulletin_trimestriel.pdf,Durée de placement recommandée fixée à 10 ans (résolution AG 16/04/2026),verified,Mémo DIC (données 2024) indiquait 8 ans.
Iroko Zen,frais_souscription,0,0,%,Iroko_Zen_bulletin_trimestriel.pdf,Commission de souscription : 0 %,verified,
Iroko Zen,frais_gestion,12.5,14.4,% TTC,Iroko_Zen_bulletin_trimestriel.pdf,"Commission de gestion : 14,4 % TTC maximum du montant des produits locatifs et autres produits HT encaissés",verified,
Kyaneos Pierre,prix_souscription,224,224,EUR,BT-T1-2026-KP.pdf,Prix de souscription 224 € (160 € nominal + 64 € prime d'émission),verified,
Kyaneos Pierre,prix_retrait,199.36,199.36,EUR,BT-T1-2026-KP.pdf,"Valeur de retrait 199,36 €",verified,
Kyaneos Pierre,taux_distribution,4.35,4.35,%,BT-T1-2026-KP.pdf,"Taux de distribution* au 31/12/2025 : 4,35 %",verified,
Kyaneos Pierre,capitalisation,445.7,445,M€,BT-T1-2026-KP.pdf,Capitalisation 445 M€ (445 694 k€ au 1T 2026),verified,
Kyaneos Pierre,tof,88.9,88.9,%,BT-T1-2026-KP.pdf,"Taux d'occupation financier 88,9 %",verified,
Kyaneos Pierre,endettement,0,24,%,BT-T1-2026-KP.pdf,"Ratio de dettes 24 % (la dette représente 24 % de la valeur de réalisation, max autorisé 40 %)",verified,
Kyaneos Pierre,nb_associes,,10778,associés,BT-T1-2026-KP.pdf,Associés 10 778,verified,
Kyaneos Pierre,nb_immeubles,,648,actifs,BT-T1-2026-KP.pdf,Nombre d'actifs : 648 ; nombre de lots : 5 011,verified,
Kyaneos Pierre,nb_locataires,,,,,Nombre de locataires non indiqué ; patrimoine = 648 actifs / 5 011 lots.,manual_review,Nombre de locataires non indiqué ; patrimoine = 648 actifs / 5 011 lots.
Kyaneos Pierre,repartition_geo,{'France': 100},{'France': 100},%,BT-T1-2026-KP.pdf,La SCPI investit uniquement en France (38 départements),verified,
Kyaneos Pierre,repartition_sectorielle,"{'Résidentiel': 80, 'Tertiaire': 20}","{'Habitations': 89.3, 'Commerces et bureaux': 10.7}",%,BT-T1-2026-KP.pdf,"Répartition typologique des loyers : Habitations 89,3 %, Commerces et bureaux 10,7 %",verified,Somme = 100 %.
Kyaneos Pierre,liquidite,,0,parts en attente,BT-T1-2026-KP.pdf,Parts en attente de cession : - (aucune) au 1T 2026,verified,Liquidité normale ; retraits compensés par souscriptions.
Kyaneos Pierre,frequence_distribution,Trimestriel,trimestrielle,,BT-T1-2026-KP.pdf,"Dividende par part versé chaque trimestre (2,44 € au T1 2026)",verified,
Kyaneos Pierre,sfdr_article,,8,,SCPI-Kyaneos-Pierre-Annexe-SFDR.pdf,Annexe périodique SFDR pour les produits financiers visés à l'article 8 du règlement (UE) 2019/2088,verified,
Kyaneos Pierre,niveau_risque_dic,,3,sur 7,SCPI-KP-DIC-2025.pdf,Nous avons classé ce produit dans la classe de risque 3 sur 7,verified,
Kyaneos Pierre,duree_placement,10,10,ans,SCPI-KP-DIC-2025.pdf,Période de détention recommandée : 10 ans minimum,verified,
Kyaneos Pierre,frais_souscription,11,11,% TTI,BT-T1-2026-KP.pdf,"La commission de souscription - 11 % TTI - est prélevée sur la prime d'émission soit 24,64 €",verified,
Kyaneos Pierre,frais_gestion,10,8,% TTI,BT-T1-2026-KP.pdf,"Commission de gestion annuelle maximale de 8 % TTI, calculée sur les produits locatifs et financiers",verified,
LF Avenir Santé,prix_souscription,300,300,EUR,Q1_BT_20260331.pdf,"Minimum de souscription fixé à 1 part, soit (A) 300,00 €",verified,
LF Avenir Santé,prix_retrait,273,273,EUR,Q1_BT_20260331.pdf,"Valeur de retrait (A)-(B) 273,00 €",verified,
LF Avenir Santé,taux_distribution,5.2,5.08,%,Q1_BT_20260331.pdf,"Taux de distribution (1) 5,08 % (Performances 2025)",verified,"Taux 2025 publié. Objectif 2026 annoncé entre 4,85% et 5,05%."
LF Avenir Santé,capitalisation,231.71,273.43,M EUR,Q1_BT_20260331.pdf,273 434 400 € Capitalisation,verified,Capital social effectif (nominal) = 136 717 200 €.
LF Avenir Santé,tof,100,100.0,%,Q1_BT_20260331.pdf,"TOF 100,0 %",verified,
LF Avenir Santé,endettement,23.75,26.21,%,Q1_BT_20260331.pdf,"Réel au 31/03/2026 : 26,21 % (autorisation statutaire 45 %)",verified,
LF Avenir Santé,nb_associes,,9302,associés,Q1_BT_20260331.pdf,9 302 associés,verified,
LF Avenir Santé,nb_immeubles,,35,immeubles,Q1_BT_20260331.pdf,Nombre d'immeubles en direct 33 / via des SCI 2,verified,33 en direct + 2 via SCI.
LF Avenir Santé,nb_locataires,,,,,Nombre de locataires non indiqué explicitement dans le BT.,manual_review,Nombre de locataires non indiqué explicitement dans le BT.
LF Avenir Santé,repartition_geo,"{'Paris': 32.75, 'Ile-de-France': 5.58, 'Régions': 40.09, 'Belgique': 11.93, 'Irlande': 9.65}","{'Régions': 51.79, 'Paris': 25.97, 'Belgique': 9.56, 'Irlande': 7.54, 'Ile-de-France': 5.14}",% valeur vénale,Q1_BT_20260331.pdf,"RÉGIONS 51,79% / PARIS 25,97% / BELGIQUE 9,56% / IRLANDE 7,54% / ÎLE-DE-FRANCE 5,14%",verified,"Somme = 100,00%."
LF Avenir Santé,repartition_sectorielle,"{'Soins de ville': 43, 'Établissements sanitaires': 41, ""Solutions d'accueil générationnelles"": 16}",{'Santé et éducation': 100.0},% valeur vénale,Q1_BT_20260331.pdf,"100,00 % SANTÉ ET ÉDUCATION",verified,
LF Avenir Santé,liquidite,,Aucune part en attente de retrait,,Q1_BT_20260331.pdf,Parts en attente de retrait : - ; Montant des parts en attente de retrait : -,verified,Marché des parts fluide ce trimestre; retrait en contrepartie de souscription.
LF Avenir Santé,frequence_distribution,Trimestriel,Trimestrielle,,Q1_BT_20260331.pdf,Acomptes trimestriels; versement du trimestre 29 avril 2026,verified,
LF Avenir Santé,sfdr_article,,8,,Q1_DIC.pdf,La SCPI a été classifiée article 8 au sens de SFDR,verified,
LF Avenir Santé,niveau_risque_dic,,3,sur 7,Q1_DIC.pdf,catégorisé dans la classe de risque 3 sur 7,verified,
LF Avenir Santé,duree_placement,9,9,ans,Q1_DIC.pdf,Durée de placement minimale recommandée : 9 ans,verified,
LF Avenir Santé,frais_souscription,12,9,% HT,Q1_DIC.pdf,"Commission de souscription 9 % HT, soit 10,80 % TTC; coûts d'entrée 9,00 %",verified,
LF Avenir Santé,frais_gestion,10,10,% HT,Q1_BT_20260331.pdf,"Commission de gestion locative : 10 % HT max, soit 12 % TTC",verified,"DIC: frais de gestion et autres frais courants 0,67%/an."
LF Europimmo,prix_souscription,725,725,EUR,D1_BT_20260331.pdf,"Minimum de souscription fixé à 1 part, soit (A) 725,00 €",verified,
LF Europimmo,prix_retrait,667,667,EUR,D1_BT_20260331.pdf,"Valeur de retrait (A)-(B) 667,00 €",verified,
LF Europimmo,taux_distribution,4.3,4.63,%,D1_BT_20260331.pdf,"Taux de distribution (1) 4,63 % (Performances 2025)",verified,
LF Europimmo,capitalisation,874,812.91,M EUR,D1_BT_20260331.pdf,812 912 775 € Capitalisation,verified,"Valeur réelle 812,91 M€ (et non 874). Capital social effectif 448 503 600 €."
LF Europimmo,tof,95.3,95.3,%,D1_BT_20260331.pdf,"TOF 95,3 %",verified,
LF Europimmo,endettement,17.87,19.3,%,D1_BT_20260331.pdf,"Réel au 31/03/2026 : 19,30 % (autorisation statutaire 35 %)",verified,
LF Europimmo,nb_associes,15314,15314,associés,D1_BT_20260331.pdf,15 314 associés,verified,
LF Europimmo,nb_immeubles,,52,immeubles,D1_BT_20260331.pdf,Nombre d'immeubles en direct / via des SCI : 3 et 49,verified,Total 52 (3 + 49 entre direct et SCI; ordre direct/SCI ambigu dans le BT).
LF Europimmo,nb_locataires,,,,,Nombre de locataires non indiqué explicitement dans le BT.,manual_review,Nombre de locataires non indiqué explicitement dans le BT.
LF Europimmo,repartition_geo,"{'Allemagne': 71.6, 'France': 16.3, 'Pays-Bas': 8.8, 'Belgique': 2.2, 'Espagne': 1.1}","{'Allemagne': 56.52, 'Royaume-Uni': 18.04, 'Pays-Bas': 7.99, 'Ile-de-France': 4.93, 'Belgique': 3.71",% valeur vénale,D1_BT_20260331.pdf,"ALLEMAGNE 56,52% / ROYAUME-UNI 18,04% / PAYS-BAS 7,99% / ÎLE-DE-FRANCE 4,93% / BELGIQUE 3,71% / LUXEMBOURG 2,27% / IRLANDE 2,10% / PARIS 2,06% / RÉGIONS 1,70% /",verified,"Répartition détaillée par pays, somme = 100,00%. France totale = 8,69% (Paris+IDF+Régions). Diffère nettement des valeur"
LF Europimmo,repartition_sectorielle,"{'Bureaux': 87, 'Commerces': 12, 'Résidences gérées': 1}","{'Bureaux': 76.83, 'Commerces': 13.5, 'Hôtels, tourisme et loisirs': 6.82, ""Logistique et locaux d'a",% valeur vénale,D1_BT_20260331.pdf,"BUREAUX 76,83% / COMMERCES 13,50% / HÔTELS TOURISME ET LOISIRS 6,82% / LOGISTIQUE ET LOCAUX D'ACTIVITÉS 2,73% / SANTÉ ET ÉDUCATION 0,12%",verified,Somme = 100%.
LF Europimmo,liquidite,,"78 222 parts en attente de retrait (52,2 M€, 7% des parts)",,D1_BT_20260331.pdf,"Parts en attente de retrait 78 222 ; Montant 52,2 M€ ; représente 7 % du total des parts",verified,Pression sur la liquidité; marché des parts suspendu du 1er janvier au 1er février 2026 (réduction de la valeur nominale
LF Europimmo,frequence_distribution,Trimestriel,Trimestrielle,,D1_BT_20260331.pdf,Acomptes trimestriels; versement du trimestre 29 avril 2026,verified,
LF Europimmo,sfdr_article,,9,,D1_DIC.pdf,La SCPI a été classifiée article 9 au sens de SFDR,verified,
LF Europimmo,niveau_risque_dic,,4,sur 7,D1_DIC.pdf,catégorisé dans la classe de risque 4 sur 7,verified,
LF Europimmo,duree_placement,9,9,ans,D1_DIC.pdf,Durée de placement minimale recommandée : 9 ans,verified,
LF Europimmo,frais_souscription,9.6,8,% HT,D1_DIC.pdf,"Commission de souscription 8 % HT, soit 9,60 % TTC; coûts d'entrée 8,00 %",verified,
LF Europimmo,frais_gestion,10,10,% HT,D1_BT_20260331.pdf,"Commission de gestion locative : 10 % HT max, soit 12 % TTC",verified,"DIC: frais de gestion et autres frais courants 2,28%/an."
LF Grand Paris Patrimoine,prix_souscription,218,218,EUR,Z2_BT_20260331.pdf,"Minimum de souscription fixé à 1 part, soit (A) 218,00 €",verified,
LF Grand Paris Patrimoine,prix_retrait,200.56,200.56,EUR,Z2_BT_20260331.pdf,"Valeur de retrait (A)-(B) 200,56 €",verified,
LF Grand Paris Patrimoine,taux_distribution,4.4,4.66,%,Z2_BT_20260331.pdf,"Taux de distribution (1) 4,66 % (Performances 2025)",verified,
LF Grand Paris Patrimoine,capitalisation,10698648661.07,1069.86,M EUR,Z2_BT_20260331.pdf,1 069 864 866 € Capitalisation,verified,"Valeur réelle ~1 069,86 M€ (la valeur antérieure 10698648661 était erronée d'un facteur 10)."
LF Grand Paris Patrimoine,tof,88.1,88.1,%,Z2_BT_20260331.pdf,"TOF 88,1 %",verified,
LF Grand Paris Patrimoine,endettement,32.69,30.85,%,Z2_BT_20260331.pdf,"Réel au 31/03/2026 : 30,85 % (autorisation statutaire 35 %)",verified,
LF Grand Paris Patrimoine,nb_associes,14710,14710,associés,Z2_BT_20260331.pdf,14 710 associés,verified,
LF Grand Paris Patrimoine,nb_immeubles,,58,immeubles,Z2_BT_20260331.pdf,Nombre d'immeubles en direct 31 / via des SCI 27,verified,31 en direct + 27 via SCI.
LF Grand Paris Patrimoine,nb_locataires,,,,,Nombre de locataires non indiqué explicitement dans le BT.,manual_review,Nombre de locataires non indiqué explicitement dans le BT.
LF Grand Paris Patrimoine,repartition_geo,"{'Ile-de-France': 85, 'Régions': 15}","{'Ile-de-France': 67.3, 'Paris': 26.82, 'Régions': 5.88}",% valeur vénale,Z2_BT_20260331.pdf,"ÎLE-DE-FRANCE 67,30% / PARIS 26,82% / RÉGIONS 5,88%",verified,Somme = 100%.
LF Grand Paris Patrimoine,repartition_sectorielle,"{'Bureaux': 75, 'Commerces': 25}","{'Bureaux': 91.95, 'Santé et éducation': 7.85, 'Commerces': 0.2}",% valeur vénale,Z2_BT_20260331.pdf,"BUREAUX 91,95% / SANTÉ ET ÉDUCATION 7,85% / COMMERCES 0,20%",verified,Somme = 100%.
LF Grand Paris Patrimoine,liquidite,,"Marché des parts SUSPENDU depuis le 12/02/2026; 499 638 parts en attente de retrait (100,2 M€, 10,2%",,Z2_BT_20260331.pdf,le marché des parts de votre SCPI est suspendu depuis le 12 février 2026 ... mise en place de la suspension de la variabilité du capital ; Parts en attente de r,verified,"Liquidité fortement dégradée: suspension du marché, passage à un marché de confrontation des ordres."
LF Grand Paris Patrimoine,frequence_distribution,Trimestriel,Trimestrielle,,Z2_BT_20260331.pdf,Acomptes trimestriels; versement du trimestre 29 avril 2026,verified,
LF Grand Paris Patrimoine,sfdr_article,,9,,Z2_DIC.pdf,La SCPI a été classifiée article 9 au sens de SFDR,verified,
LF Grand Paris Patrimoine,niveau_risque_dic,,4,sur 7,Z2_DIC.pdf,catégorisé dans la classe de risque 4 sur 7,verified,
LF Grand Paris Patrimoine,duree_placement,9,9,ans,Z2_DIC.pdf,Durée de placement minimale recommandée : 9 ans,verified,
LF Grand Paris Patrimoine,frais_souscription,9.6,8,% HT,Z2_DIC.pdf,"Commission de souscription 8 % HT, soit 9,60 % TTC; coûts d'entrée 8,00 %",verified,
LF Grand Paris Patrimoine,frais_gestion,10,10,% HT,Z2_BT_20260331.pdf,"Commission de gestion locative : 10 % HT max, soit 12 % TTC",verified,"DIC: frais de gestion et autres frais courants 1,53%/an."
Log In,prix_souscription,255,255,EUR,Bulletin-Trimestriel-LOG-IN-T1-2026.pdf,PRIX DE SOUSCRIPTION 255 € (nominal 150 € + prime d'émission 105 €),verified,
Log In,prix_retrait,225,229.5,EUR,Bulletin-Trimestriel-LOG-IN-T1-2026.pdf,"VALEUR DE RETRAIT 229,50 €",verified,
Log In,taux_distribution,6.21,6.21,%,Bulletin-Trimestriel-LOG-IN-T1-2026.pdf,"TAUX DE DISTRIBUTION 2025 : BRUT 6,21 % / NET 4,91 %",verified,"Taux brut 2025 = 6,21% (net de fiscalité étrangère 4,91%)."
Log In,capitalisation,240.8,240.81,M EUR,Bulletin-Trimestriel-LOG-IN-T1-2026.pdf,CAPITALISATION : 240 812 310 €,verified,
Log In,tof,100,100.0,%,Bulletin-Trimestriel-LOG-IN-T1-2026.pdf,TOF : 100 %,verified,
Log In,endettement,12026,0,%,Bulletin-Trimestriel-LOG-IN-T1-2026.pdf,"A fin mars 2026, la SCPI n'avait pas recours au levier financier ; Dettes et autres engagements 0 %",verified,Aucun endettement (limite statutaire 40%).
Log In,nb_associes,,5731,associés,Bulletin-Trimestriel-LOG-IN-T1-2026.pdf,Associés T1 2026 : 5 731,verified,
Log In,nb_immeubles,,20,immeubles,Bulletin-Trimestriel-LOG-IN-T1-2026.pdf,NOMBRE D'IMMEUBLES 20,verified,
Log In,nb_locataires,,22,locataires,Bulletin-Trimestriel-LOG-IN-T1-2026.pdf,NOMBRE DE LOCATAIRES 22,verified,
Log In,repartition_geo,"{'France': 37.3, 'Allemagne': 25.3, 'Royaume-Uni': 13.1, 'Italie': 7.6, 'Pays-Bas': 6.7, 'Espagne': ","{'Italie': 28, 'Espagne': 26, 'Royaume-Uni': 22, 'Allemagne': 12, 'Irlande': 8, 'Pologne': 4}",% valeur vénale HD,Bulletin-Trimestriel-LOG-IN-T1-2026.pdf,ROYAUME-UNI 22% / ESPAGNE 26% / ALLEMAGNE 12% / ITALIE / IRLANDE / POLOGNE (4% et 8%),verified,"6 pays (somme=100). RU 22%, Espagne 26%, Allemagne 12% étiquetés. Italie 28% déduit (plus grand). Répartition Irlande 8%"
Log In,repartition_sectorielle,"{'Logistique / Activité': 36.9, 'Bureaux': 27.9, 'Hôtellerie': 8.7, 'Résidentiel': 7.7, 'Éducation':","{""Locaux d'activités et sites de production"": 71, 'Logistique': 23, 'Life Science': 5}",% valeur vénale HD,Bulletin-Trimestriel-LOG-IN-T1-2026.pdf,Locaux d'activités et sites de production 71% / Logistique 23% / Life Science 5%,verified,Somme = 99% (arrondis).
Log In,liquidite,,Aucune part en attente de retrait au 31/03/2026,,Bulletin-Trimestriel-LOG-IN-T1-2026.pdf,"Nombre de parts en attente de retrait T1 2026 : - (49 442 parts rachetées, compensées)",verified,Pas de fonds de remboursement; retrait en contrepartie de souscription.
Log In,frequence_distribution,Trimestriel,Trimestrielle,,Bulletin-Trimestriel-LOG-IN-T1-2026.pdf,"Distribution par part T1 2026 3,79 € (date 04/05/26)",verified,
Log In,sfdr_article,,8,,SCPI-LOG-IN-Document-dinformations-cles-1.pdf,SFDR : 8. LOG IN intègre des caractéristiques environnementales et sociales au sens de l'article 8,verified,
Log In,niveau_risque_dic,,3,sur 7,SCPI-LOG-IN-Document-dinformations-cles-1.pdf,classé le produit dans la classe de risque 3 sur 7,verified,
Log In,duree_placement,10,10,ans,SCPI-LOG-IN-Document-dinformations-cles-1.pdf,Période de détention recommandée : 10 ans,verified,
Log In,frais_souscription,12,12,% TTC,Bulletin-Trimestriel-LOG-IN-T1-2026.pdf,La commission de souscription s'établit à 12 % TTC,verified,DIC mentionne coûts d'entrée 10% (montant maximal).
Log In,frais_gestion,10,0.88,%/an (DIC),SCPI-LOG-IN-Document-dinformations-cles-1.pdf,"Frais de gestion et autres frais administratifs et d'exploitation 0,88 % par an",verified,Taux de commission de gestion statutaire non précisé dans BT/DIC; valeur = frais courants DIC.
NCap Education Santé,prix_souscription,202,202,EUR,bt_ncap_education_sante_t1_2026.pdf,"Prix de souscription 202,00 € (nominal 162 € + prime d'émission 40 €)",verified,
NCap Education Santé,prix_retrait,181.8,181.8,EUR,bt_ncap_education_sante_t1_2026.pdf,"Valeur de retrait (par part) au 31/12/2025 181,80 €",verified,
NCap Education Santé,taux_distribution,4.85,4.52,%,bt_ncap_education_sante_t1_2026.pdf,"Taux de distribution brut de fiscalité étrangère 2025 : 4,52 %",verified,"2025 = 4,52% (la valeur antérieure 4,85% correspondait à 2024)."
NCap Education Santé,capitalisation,110,116.7,M EUR,bt_ncap_education_sante_t1_2026.pdf,"116,7 M€ Capitalisation au 31/03/2026",verified,Capitalisation en prix de souscription au 31/03/2026 = 117 034 153 €.
NCap Education Santé,tof,96.5,96.0,%,bt_ncap_education_sante_t1_2026.pdf,TOF 96 %,verified,
NCap Education Santé,endettement,22.96,0.62,%,bt_ncap_education_sante_t1_2026.pdf,"Ratio des dettes et autres engagements au 31/03/2026 : 0,62 %",verified,SCPI sans recours à l'endettement (DIC); ratio quasi nul.
NCap Education Santé,nb_associes,,3412,associés,bt_ncap_education_sante_t1_2026.pdf,Nombre d'associés 31/03/2026 : 3 412,verified,
NCap Education Santé,nb_immeubles,,55,immeubles,bt_ncap_education_sante_t1_2026.pdf,55 Nombre d'immeubles,verified,
NCap Education Santé,nb_locataires,,75,locataires,bt_ncap_education_sante_t1_2026.pdf,75 Nombre de locataires,verified,
NCap Education Santé,repartition_geo,"{'France': 70.0, 'Europe': 30.0}",,% valeur vénale,bt_ncap_education_sante_t1_2026.pdf,"Le BT présente une répartition géographique détaillée sur 11 régions françaises + Europe (présence France, Espagne, Royaume-Uni, Allemagne), mais l'extraction O",manual_review,"Le BT présente une répartition géographique détaillée sur 11 régions françaises + Europe (présence France, Espagne, Roya"
NCap Education Santé,repartition_sectorielle,"{'Santé / social': 66, 'Bien-être': 16, 'Éducation': 16, 'Environnement': 2}","{'Santé/Social': 66, 'Bien-être': 17, 'Éducation': 10, 'Commerce': 6, 'Environnement': 1}",% des loyers,bt_ncap_education_sante_t1_2026.pdf,Répartition sectorielle (% des loyers) : Santé/Social 66% / Bien-être 17% / Éducation 10% / Commerce 6% / Environnement 1%,verified,"Somme = 100%. Répartition typologique (% valeur vénale, ASPIM) distincte: Santé/Éducation 54% / Commerce 23% / Bureaux 2"
NCap Education Santé,liquidite,,Aucune part en attente de retrait (0 part),,bt_ncap_education_sante_t1_2026.pdf,Parts en attente de retrait 31/03/2026 : 0 part,verified,
NCap Education Santé,frequence_distribution,Trimestriel,Mensuelle,,bt_ncap_education_sante_t1_2026.pdf,"Depuis février 2026, les dividendes des SCPI Norma Capital sont distribués mensuellement",verified,Mensualisation depuis février 2026 (auparavant trimestrielle).
NCap Education Santé,sfdr_article,,8,,ncap-educationsante_dic_15122025.pdf,Le produit est conforme aux dispositions de l'article 8 du Règlement SFDR,verified,
NCap Education Santé,niveau_risque_dic,,3,sur 7,ncap-educationsante_dic_15122025.pdf,classé le produit dans la classe de risque 3 sur 7,verified,
NCap Education Santé,duree_placement,10,10,ans,ncap-educationsante_dic_15122025.pdf,La durée de placement minimum recommandée est de dix (10) ans,verified,
NCap Education Santé,frais_souscription,12,10,% HT,bt_ncap_education_sante_t1_2026.pdf,"La commission de souscription correspond à 10 % HT (soit 12 % TTC), soit 24,24 € TTC",verified,
NCap Education Santé,frais_gestion,10,0.56,%/an (DIC),ncap-educationsante_dic_15122025.pdf,"Frais de gestion et autres frais administratifs et d'exploitation 0,56 % par an",verified,Taux de commission de gestion statutaire non précisé dans BT/DIC; valeur = frais courants DIC.
NCap Régions,prix_souscription,682,682,EUR,bt_ncap_regions_t1_2026.pdf,"Prix de souscription 682,00 € (nominal 500 € + prime d'émission 182 €)",verified,
NCap Régions,prix_retrait,613.80,613.8,EUR,bt_ncap_regions_t1_2026.pdf,"Valeur de retrait (par part) au 31/12/2025 613,80 €",verified,
NCap Régions,taux_distribution,5.72,5.72,%,bt_ncap_regions_t1_2026.pdf,"Taux de distribution 2025 : 5,72 %",verified,
NCap Régions,capitalisation,1097,1097.1,M EUR,bt_ncap_regions_t1_2026.pdf,"1 097,1 M€ Capitalisation brute au 31/03/2026",verified,Capitalisation en prix de souscription au 31/03/2026 = 1 069 666 274 €.
NCap Régions,tof,92.7,91.6,%,bt_ncap_regions_t1_2026.pdf,"TOF 91,6 %",verified,
NCap Régions,endettement,21.69,21.69,%,bt_ncap_regions_t1_2026.pdf,"Ratio des dettes et autres engagements au 31/03/2026 : 21,69 %",verified,
NCap Régions,nb_associes,,25661,associés,bt_ncap_regions_t1_2026.pdf,Nombre d'associés 31/03/2026 : 25 661,verified,
NCap Régions,nb_immeubles,175,180,immeubles,bt_ncap_regions_t1_2026.pdf,180 Nombre d'immeubles,verified,
NCap Régions,nb_locataires,,425,locataires,bt_ncap_regions_t1_2026.pdf,425 Nombre de locataires,verified,
NCap Régions,repartition_geo,"{'Grandes agglomérations de province': 65, 'Ile-de-France': 35}","{'Ile-de-France': 22, 'PACA': 19, 'Occitanie': 11, 'Auvergne-Rhône-Alpes': 10, 'Hauts-de-France': 10",% valeur vénale,bt_ncap_regions_t1_2026.pdf,Répartition géographique (% valeur vénale) par région: IDF 22% / PACA 19% / Occitanie 11% / AURA 10% / Hauts-de-France 10% / Pays de la Loire 8% / Bretagne 4% /,verified,Somme = 100%. Répartition régionale détaillée (France uniquement). Île-de-France + Paris = 24%.
NCap Régions,repartition_sectorielle,"{'Bureaux': 54, 'Commerce': 32, 'Activités': 14, 'Hôtellerie': 0.5}","{'Bureaux': 57, 'Commerce': 30, 'Activités': 13, 'Hôtellerie': 0.5}",% valeur vénale,bt_ncap_regions_t1_2026.pdf,"Répartition typologique : Bureaux 57% / Commerce 30% / Activités 13% / Hôtellerie <0,5%",verified,
NCap Régions,liquidite,,Aucune part en attente de retrait (0 part),,bt_ncap_regions_t1_2026.pdf,Parts en attente de retrait 31/03/2026 : 0 part,verified,
NCap Régions,frequence_distribution,Mensuel,Mensuelle,,bt_ncap_regions_t1_2026.pdf,"Depuis février 2026, les dividendes des SCPI Norma Capital sont distribués mensuellement",verified,Mensualisation depuis février 2026 (auparavant trimestrielle).
NCap Régions,sfdr_article,,8,,ncap-regions_dic_15122025.pdf,Le produit est conforme aux dispositions de l'article 8 du Règlement SFDR,verified,
NCap Régions,niveau_risque_dic,,3,sur 7,ncap-regions_dic_15122025.pdf,classé le produit dans la classe de risque 3 sur 7,verified,
NCap Régions,duree_placement,10,10,ans,ncap-regions_dic_15122025.pdf,La durée de placement minimum recommandée est de dix (10) ans,verified,
NCap Régions,frais_souscription,12,10,% HT,bt_ncap_regions_t1_2026.pdf,"La commission de souscription : 10 % HT soit 12 % TTC, soit 81,84 € TTC",verified,
NCap Régions,frais_gestion,10,0.65,%/an (DIC),ncap-regions_dic_15122025.pdf,"Frais de gestion et autres frais administratifs et d'exploitation 0,65 % par an",verified,Taux de commission de gestion statutaire non précisé dans BT/DIC; valeur = frais courants DIC.
Novapierre 1,prix_souscription,442,442,EUR,5d377050-5149-4b11-9968-ac9cecb2c92c-BTI-T1-2026-Novapierre-1.pdf,Valeur de la part : 442 €,verified,
Novapierre 1,prix_retrait,406.64,406.64,EUR,5d377050-5149-4b11-9968-ac9cecb2c92c-BTI-T1-2026-Novapierre-1.pdf,"Valeur de retrait : 406,64 €",verified,
Novapierre 1,taux_distribution,5,5.0,%,5d377050-5149-4b11-9968-ac9cecb2c92c-BTI-T1-2026-Novapierre-1.pdf,"Taux de distribution 2025 : 5,00 %",verified,
Novapierre 1,capitalisation,172.1,172.1,M EUR,5d377050-5149-4b11-9968-ac9cecb2c92c-BTI-T1-2026-Novapierre-1.pdf,"Capitalisation sur prix de souscription 172,1 M€",verified,"Valeur du patrimoine (expertise) = 196,4 M€."
Novapierre 1,tof,85.3,85.3,%,5d377050-5149-4b11-9968-ac9cecb2c92c-BTI-T1-2026-Novapierre-1.pdf,"TOF T1 2026 85,3 %",verified,
Novapierre 1,endettement,29.3,29.3,%,5d377050-5149-4b11-9968-ac9cecb2c92c-BTI-T1-2026-Novapierre-1.pdf,"% DETTE/VALEUR AU BILAN 29,3 % (dette bancaire 57,6 M€)",verified,Limite statutaire 30% (35% temporairement).
Novapierre 1,nb_associes,2370,2370,associés,5d377050-5149-4b11-9968-ac9cecb2c92c-BTI-T1-2026-Novapierre-1.pdf,Nombre d'associés 2 370,verified,
Novapierre 1,nb_immeubles,,110,immeubles,5d377050-5149-4b11-9968-ac9cecb2c92c-BTI-T1-2026-Novapierre-1.pdf,Immeubles 110,verified,
Novapierre 1,nb_locataires,,206,baux,5d377050-5149-4b11-9968-ac9cecb2c92c-BTI-T1-2026-Novapierre-1.pdf,Baux 206 ; Nombre de baux : 206,verified,"Le BT indique le nombre de baux (206), pas le nombre de locataires distincts."
Novapierre 1,repartition_geo,"{'Autres régions': 30.8, 'Paris': 28.6, '12 métropoles régionales': 21.2, 'Ile-de-France hors Paris'",,% valorisation hors droits,5d377050-5149-4b11-9968-ac9cecb2c92c-BTI-T1-2026-Novapierre-1.pdf,"4 zones (Paris / Ile-de-France hors Paris / 12 métropoles régionales / Autres régions) avec valeurs 31,1% / 22,3% / 27,7% / 18,9% (somme=100), mais l'associatio",manual_review,"4 zones (Paris / Ile-de-France hors Paris / 12 métropoles régionales / Autres régions) avec valeurs 31,1% / 22,3% / 27,7"
Novapierre 1,repartition_sectorielle,"{'Alimentaire': 15.2, 'Santé': 9.8, 'Équipement de la maison': 30.3, 'Restauration': 15.7, 'Services",,% loyer facial annuel,5d377050-5149-4b11-9968-ac9cecb2c92c-BTI-T1-2026-Novapierre-1.pdf,"7 secteurs (Alimentaire / Santé / Équipement de la maison / Restauration / Services / Culture et loisirs / Autres) avec valeurs 7,3 / 11,5 / 12,8 / 29,7 / 10,9 ",manual_review,7 secteurs (Alimentaire / Santé / Équipement de la maison / Restauration / Services / Culture et loisirs / Autres) avec 
Novapierre 1,liquidite,,"31 398 parts en attente de retrait (sur 389 384 parts, ~8%)",,5d377050-5149-4b11-9968-ac9cecb2c92c-BTI-T1-2026-Novapierre-1.pdf,"Le capital s'élève à 389 384 parts en fin de trimestre, dont 31 398 parts en attente de retrait",verified,Fonds de remboursement plafonné à 3 M€; mécanisme de rétro-compensation possible.
Novapierre 1,frequence_distribution,Trimestriel,Trimestrielle,,5d377050-5149-4b11-9968-ac9cecb2c92c-BTI-T1-2026-Novapierre-1.pdf,4 acomptes trimestriels par an; acompte T1 versé le 12/05/2026,verified,
Novapierre 1,sfdr_article,,6,,bdb9ea23-61b7-4e75-beff-c3ddc078a54c-Novapierre-1-DIC2025.pdf,La SCPI relève de l'article 6 du Règlement (UE) 2019/2088 dit SFDR,verified,
Novapierre 1,niveau_risque_dic,,3,sur 7,bdb9ea23-61b7-4e75-beff-c3ddc078a54c-Novapierre-1-DIC2025.pdf,classé ce produit dans la classe de risque 3 sur 7,verified,
Novapierre 1,duree_placement,10,10,ans,bdb9ea23-61b7-4e75-beff-c3ddc078a54c-Novapierre-1-DIC2025.pdf,Période de détention recommandée : 10 ans,verified,
Novapierre 1,frais_souscription,12,8,% HT,5d377050-5149-4b11-9968-ac9cecb2c92c-BTI-T1-2026-Novapierre-1.pdf,Commission de souscription : 8 % HT du prix de souscription (prime d'émission incluse),verified,
Novapierre 1,frais_gestion,10,8,% HT,5d377050-5149-4b11-9968-ac9cecb2c92c-BTI-T1-2026-Novapierre-1.pdf,"Commission de gestion annuelle : 8 % HT maximum (9,6 % TTC) des recettes",verified,"DIC: frais de gestion et autres frais courants 2,75%/an."
Novaxia NEO,prix_souscription,176.68,176.68,EUR,Novaxia-NEO-Reporting-31_03_2026.pdf,"Prix d'une part 176,68 €",verified,
Novaxia NEO,prix_retrait,187,187.0,EUR,Novaxia-NEO-Reporting-31_03_2026.pdf,"187,00 € Minimum de souscription / Prix de retrait",manual_review,"Le reporting affiche 187,00 € à la fois comme valeur de reconstitution (p.7) et comme 'minimum de souscription / prix de"
Novaxia NEO,taux_distribution,5.5,5.5,%,Novaxia-NEO-Reporting-31_03_2026.pdf,"Taux de Distribution 2025 : 5,50 %",verified,
Novaxia NEO,capitalisation,427.9,427.9,M EUR,Novaxia-NEO-Reporting-31_03_2026.pdf,"Capitalisation 427,9 M€",verified,Valeur du patrimoine = 537 M€.
Novaxia NEO,tof,90.6,90.6,%,Novaxia-NEO-Reporting-31_03_2026.pdf,"TOF 90,6 % (TOP 90,4 %)",verified,
Novaxia NEO,endettement,35,32.8,% (LTV net),Novaxia-NEO-Reporting-31_03_2026.pdf,"LTV net de trésorerie 32,8 %",verified,"Limite statutaire 40% (DIC). Durée moyenne d'endettement 1,50 an."
Novaxia NEO,nb_associes,8952,8952,associés,Novaxia-NEO-Reporting-31_03_2026.pdf,8 952 Associés,verified,
Novaxia NEO,nb_immeubles,38,38,actifs,Novaxia-NEO-Reporting-31_03_2026.pdf,38 Actifs,verified,
Novaxia NEO,nb_locataires,,128,locataires,Novaxia-NEO-Reporting-31_03_2026.pdf,128 Locataires,verified,
Novaxia NEO,repartition_geo,"{'France': 54, 'Allemagne': 28, 'Espagne': 8, 'Irlande': 7, 'Belgique': 3}",,% patrimoine,Novaxia-NEO-Reporting-31_03_2026.pdf,"Valeurs géographiques extraites (53 / 29 / 8 / 7 / 3, somme=100) mais sans association fiable pays<->valeur dans l'OCR. Les actifs présentés (Madrid, Valence, S",manual_review,"Valeurs géographiques extraites (53 / 29 / 8 / 7 / 3, somme=100) mais sans association fiable pays<->valeur dans l'OCR. "
Novaxia NEO,repartition_sectorielle,"{'Bureaux': 93, 'Activités': 2, 'Enseignement': 1, 'Hôtels': 4}","{'Bureaux': 94, 'Hôtels': 4, 'Activités': 1, 'Enseignement': 1}",% patrimoine,Novaxia-NEO-Reporting-31_03_2026.pdf,Bureaux 94% / Hôtels 4% / Activités 1% / Enseignement 1%,verified,Somme = 100%.
Novaxia NEO,liquidite,,"125 194 parts en attente de retrait (5,5% des parts totales)",,Novaxia-NEO-Reporting-31_03_2026.pdf,"Parts en attente de retrait au 31/03/26 : 125 194 (soit 5,5 % des parts totales) ; Collecte nette 0,55 M€",verified,DIC: blocage si demandes non satisfaites >12 mois représentant >=10% des parts.
Novaxia NEO,frequence_distribution,Mensuel,Mensuelle,,Novaxia-NEO-Reporting-31_03_2026.pdf,"Distribution des revenus potentiels : Mensuelle (0,60 €/mois versés au T1 2026)",verified,
Novaxia NEO,sfdr_article,,9,,Novaxia-NEO-Reporting-31_03_2026.pdf,labelisée ISR depuis 2020 et alignée sur l'article 9 du règlement SFDR,verified,
Novaxia NEO,niveau_risque_dic,,4,sur 7,DIC-NOVAXIA-NEO-2025.pdf,Nous avons classé Novaxia NEO dans la classe de risque 4 sur 7,verified,
Novaxia NEO,duree_placement,10,10,ans,DIC-NOVAXIA-NEO-2025.pdf,Période de détention recommandée : 10 ans,verified,
Novaxia NEO,frais_souscription,0,0,%,Novaxia-NEO-Reporting-31_03_2026.pdf,Droits d'entrée 0 % ; Le produit ne comporte pas de droits d'entrée,verified,Pas de droits d'entrée; commission de retrait 6% TTC pour détention <5 ans.
Novaxia NEO,frais_gestion,15,15,% HT,Novaxia-NEO-Reporting-31_03_2026.pdf,Commission de gestion 15 % HT soit 18 % TTC des produits encaissés,verified,
Opportunité Immo,prix_souscription,203,203,EUR,G0_BT_20260331.pdf,"Minimum de souscription fixé à 1 part, soit (A) 203,00 €",verified,
Opportunité Immo,prix_retrait,184.73,184.73,EUR,G0_BT_20260331.pdf,"Valeur de retrait (A)-(B) 184,73 €",verified,
Opportunité Immo,taux_distribution,5.62,5.68,%,G0_BT_20260331.pdf,"Taux de distribution (1) 5,68 % (au titre de 2025). NB : objectif 2026 attendu entre 5,05 % et 5,25 %",verified,"Correction du bug : l'ancienne valeur 2025% était une erreur d'extraction. Le vrai taux de distribution 2025 est 5,68 %."
Opportunité Immo,capitalisation,313015444313,313015444,EUR,G0_BT_20260331.pdf,"313 015 444 € Capitalisation (soit ~313,0 M€)",verified,"Capitalisation = 313,0 M€. L'ancienne valeur 313015444313 ajoutait des chiffres parasites."
Opportunité Immo,tof,95,95.0,%,G0_BT_20260331.pdf,"Taux d'Occupation Financier 95,0 %",verified,
Opportunité Immo,endettement,14.45,21.46,%,G0_BT_20260331.pdf,"ENDETTEMENT - Réel au 31/03/2026 : 21,46 % ; Autorisation statutaire : 30,00 % (% de la valeur d'acquisition des actifs)",verified,
Opportunité Immo,nb_associes,6023,6023,associés,G0_BT_20260331.pdf,6 023 associés,verified,
Opportunité Immo,nb_immeubles,46,48,immeubles,G0_BT_20260331.pdf,39 Nombre d'immeubles en direct + 9 Nombre d'immeubles via des SCI,verified,48 immeubles au total (39 en direct + 9 via SCI).
Opportunité Immo,nb_locataires,,,,,non trouvé clairement dans le BT,manual_review,non trouvé clairement dans le BT
Opportunité Immo,repartition_geo,"{'Île-de-France': 47.82, 'Régions': 39.93, 'Espagne': 5.82, 'Allemagne': 4.5, 'Royaume-Uni': 1.93}","{'Île-de-France': 45.07, 'Régions': 39.95, 'Espagne': 5.51, 'Allemagne': 4.52, 'Pays-Bas': 3.11, 'Ro",% valeur vénale,G0_BT_20260331.pdf,"ÎLE-DE-FRANCE 45,07 % / RÉGIONS 39,95 % / ESPAGNE 5,51 % / ALLEMAGNE 4,52 % / PAYS-BAS 3,11 % / ROYAUME-UNI 1,84 %",verified,
Opportunité Immo,repartition_sectorielle,"{""Logistique et locaux d'activités"": 89.41, 'Bureaux': 10.59}","{""Logistique et locaux d'activités"": 90.04, 'Bureaux': 9.96}",% valeur vénale,G0_BT_20260331.pdf,"LOGISTIQUE ET LOCAUX D'ACTIVITÉS 90,04 % / BUREAUX 9,96 %",verified,
Opportunité Immo,liquidite,,"25 531 parts en attente de retrait (4,7 M€), soit 1,7 % des parts",,G0_BT_20260331.pdf,"Parts en attente de retrait 25 531 ; Montant 4,7 M€ ; représente 1,7 % du nombre de parts de la SCPI",verified,
Opportunité Immo,frequence_distribution,Trimestriel,Trimestrielle,,G0_BT_20260331.pdf,"acompte au premier trimestre de 2,28 euros par part ; versements potentiels suivants 30 juillet 2026 / 29 octobre 2026 / 29 janvier 2027",verified,
Opportunité Immo,sfdr_article,,9,,G0_DIC.pdf,La SCPI a été classifiée article 9 au sens de SFDR,verified,
Opportunité Immo,niveau_risque_dic,,3,sur 7,G0_DIC.pdf,Ce produit a été catégorisé dans la classe de risque 3 sur 7,verified,
Opportunité Immo,duree_placement,9,9,ans,G0_DIC.pdf,Durée de placement minimale recommandée : 9 ans,verified,
Opportunité Immo,frais_souscription,10.8,9,% HT,G0_BT_20260331.pdf,"Commission de souscription : 9 % HT max, soit 10,80 % TTC (incluse dans le prix de souscription)",verified,
Opportunité Immo,frais_gestion,10,12,% HT,G0_BT_20260331.pdf,"Commission de gestion locative : 12 % HT max, soit 14,40 % TTC du montant HT des produits locatifs",verified,
Optimale,prix_souscription,255,255,EUR,PLAQUETTE_SCPI_2026_Fev_V2.pdf,Prix de souscription : 255 € / part,verified,
Optimale,prix_retrait,229.5,229.5,EUR,PLAQUETTE_SCPI_2026_Fev_V2.pdf + DIC,"Prix de souscription 255 € − commission de souscription 10 % HT (25,50 €) = 229,50 €",verified,Valeur de retrait calculée selon la définition réglementaire (prix souscription net de commission HT). Non imprimée expl
Optimale,taux_distribution,6.5,6.5,%,PLAQUETTE_SCPI_2026_Fev_V2.pdf,"Taux de distribution 2025 : 6,50 % (historique : 2021 5,52 % / 2022 5,52 % / 2023 6,02 % / 2024 6,51 % / 2025 6,50 %)",verified,
Optimale,capitalisation,93,92,M€,PLAQUETTE_SCPI_2026_Fev_V2.pdf,CAPITALISATION : 92 M€ (au 31/12/2025),verified,
Optimale,tof,94.25,95.31,%,PLAQUETTE_SCPI_2026_Fev_V2.pdf,"Taux d'occupation financier (TOF) 95,31 % ; 4,69 % locaux vacants",verified,
Optimale,endettement,17.68,19.63,%,PLAQUETTE_SCPI_2026_Fev_V2.pdf,"Taux d'endettement (LTV) : 19,63 %",verified,
Optimale,nb_associes,1626,1578,associés,PLAQUETTE_SCPI_2026_Fev_V2.pdf,1 578 ASSOCIÉS (au 31/12/2025),verified,
Optimale,nb_immeubles,39,39,actifs,PLAQUETTE_SCPI_2026_Fev_V2.pdf,39 ACTIFS (au 31/12/2025),verified,
Optimale,nb_locataires,,83,locataires,PLAQUETTE_SCPI_2026_Fev_V2.pdf,83 LOCATAIRES (au 31/12/2025),verified,
Optimale,repartition_geo,{'France': 100.0},{'France': 100.0},%,PLAQUETTE_SCPI_2026_Fev_V2.pdf,"INVESTISSEMENTS EXCLUSIVEMENT EN FRANCE, majoritairement en régions ; SCPI 100 % française",verified,
Optimale,repartition_sectorielle,"{'Bureaux': 40.2, 'Commerces': 28.3, 'Activités et Logistique': 26.4, 'Santé et Éducation': 5.1}","{'Bureaux': 40.2, 'Commerces': 28.3, 'Activités et Logistique': 26.4, 'Santé et éducation': 5.1}",% valeur vénale,PLAQUETTE_SCPI_2026_Fev_V2.pdf,"40,2 % Bureaux / 28,3 % Commerces / 26,4 % Activités & Logistique / 5,1 % Santé & éducation (valeurs d'expertise au 31/12/2025)",verified,
Optimale,liquidite,,"Liquidité non garantie ; en cas de blocage des retraits, possibilité de suspension de la variabilité",,DIC_-_SCPI_OPTIMALE_-_2025-07-02.pdf,"En cas de blocage des retraits, la Société de Gestion a la faculté de suspendre la variabilité du capital et de mettre en place un marché secondaire par confron",verified,Nombre de parts en attente de retrait non publié dans la plaquette/DIC.
Optimale,frequence_distribution,Mensuel,,,,Fréquence non précisée dans la plaquette/DIC (à confirmer via bulletin trimestriel),manual_review,Fréquence non précisée dans la plaquette/DIC (à confirmer via bulletin trimestriel)
Optimale,sfdr_article,,8,,DIC_-_SCPI_OPTIMALE_-_2025-07-02.pdf,Le produit est classifié « Article 8 » au sens de la réglementation SFDR,verified,
Optimale,niveau_risque_dic,,3,sur 7,DIC_-_SCPI_OPTIMALE_-_2025-07-02.pdf,Nous avons classé le produit dans la classe de risque 3 sur 7,verified,
Optimale,duree_placement,10,10,ans,DIC_-_SCPI_OPTIMALE_-_2025-07-02.pdf,Période de détention recommandée : 10 ans,verified,
Optimale,frais_souscription,12,10,% HT,DIC_-_SCPI_OPTIMALE_-_2025-07-02.pdf,"Coûts d'entrée 10,00 % du montant que vous payez au moment de l'entrée",verified,
Optimale,frais_gestion,10,0.95,% / an (frais courants DIC),DIC_-_SCPI_OPTIMALE_-_2025-07-02.pdf,"Frais de gestion et autres frais administratifs et d'exploitation 0,95 % de la valeur de votre investissement par an",verified,Commission de gestion (% des loyers) non chiffrée dans le DIC ; valeur = frais courants annuels DIC.
Paref Evo,prix_souscription,250,250,EUR,BTI-T1-2026-PAREF-Evo.pdf,Valeur de la part : 250 €,verified,
Paref Evo,prix_retrait,225.00,225,EUR,BTI-T1-2026-PAREF-Evo.pdf,Valeur de retrait : 225 €,verified,
Paref Evo,taux_distribution,4.72,4.72,%,BTI-T1-2026-PAREF-Evo.pdf,"Taux de distribution 2025 : 4,72 % (soit 3,64 % net de fiscalité étrangère)",verified,
Paref Evo,capitalisation,49.3,49.3,M€,BTI-T1-2026-PAREF-Evo.pdf,"Capitalisation sur prix de souscription 49,3 M€",verified,
Paref Evo,tof,87.8,87.8,%,BTI-T1-2026-PAREF-Evo.pdf,"TOF T1 2026 87,8 %",verified,
Paref Evo,endettement,0,0.0,%,BTI-T1-2026-PAREF-Evo.pdf,"DETTE BANCAIRE 0,0 M€ / % DETTE/VALEUR AU BILAN 0,0 %",verified,
Paref Evo,nb_associes,1066,1066,associés,BTI-T1-2026-PAREF-Evo.pdf,Nombre d'associés 1 066,verified,
Paref Evo,nb_immeubles,5,5,immeubles,BTI-T1-2026-PAREF-Evo.pdf,Immeubles 5,verified,
Paref Evo,nb_locataires,,13,baux,BTI-T1-2026-PAREF-Evo.pdf,Nombre de baux : 13 ; Baux 13,verified,13 baux (nombre de locataires non distingué).
Paref Evo,repartition_geo,{'Pologne': 100},"{'Pologne - Cracovie': 53.3, 'Pologne - Varsovie': 46.7}",% valorisation HD,BTI-T1-2026-PAREF-Evo.pdf,"Cracovie 53,3 % / Varsovie 46,7 % (Pologne, 100 %)",verified,
Paref Evo,repartition_sectorielle,"{'Bureaux': 89.4, 'Activité-autre': 10.6}","{'Bureaux': 89.4, ""Locaux d'activité"": 10.6}",% valorisation HD,BTI-T1-2026-PAREF-Evo.pdf,"Bureaux 89,4 % / Locaux d'activité 10,6 %",verified,
Paref Evo,liquidite,,840 parts en attente de retrait (sur 197 184 parts),,BTI-T1-2026-PAREF-Evo.pdf,"Le capital s'élève à 197 184 parts en fin de trimestre, dont 840 part en attente de retrait",verified,
Paref Evo,frequence_distribution,Trimestriel,Trimestrielle,,BTI-T1-2026-PAREF-Evo.pdf,4 acomptes trimestriels par an,verified,
Paref Evo,sfdr_article,,8,,PAREF-Evo-DIC2025.pdf,La SCPI relève de l'article 8 du Règlement (UE) 2019/2088 dit SFDR,verified,
Paref Evo,niveau_risque_dic,,4,sur 7,PAREF-Evo-DIC2025.pdf,Nous avons classé ce produit dans la classe de risque 4 sur 7,verified,
Paref Evo,duree_placement,10,10,ans,PAREF-Evo-DIC2025.pdf,Période de détention recommandée : 10 ans,verified,
Paref Evo,frais_souscription,12,10,% HT,BTI-T1-2026-PAREF-Evo.pdf,Commission de souscription : 10 % HT du prix de souscription (prime d'émission incluse),verified,
Paref Evo,frais_gestion,8.33,11,% HT,BTI-T1-2026-PAREF-Evo.pdf,"Commission de gestion annuelle : 11 % HT maximum (13,20 % TTC) des recettes encaissées HT",verified,
Paref Hexa,prix_souscription,172,172,EUR,BTI-T1-2026-PAREF-Hexa.pdf,Valeur de la part : 172 €,verified,
Paref Hexa,prix_retrait,189.00,154.8,EUR,BTI-T1-2026-PAREF-Hexa.pdf,"Valeur de retrait : 154,80 €",verified,"Correction : l'ancienne valeur 189,00 € était erronée. La valeur de retrait réelle est 154,80 €."
Paref Hexa,taux_distribution,6,6.0,%,BTI-T1-2026-PAREF-Hexa.pdf,"Taux de distribution 2025 : 6,00 %",verified,
Paref Hexa,capitalisation,201.1,201.1,M€,BTI-T1-2026-PAREF-Hexa.pdf,"Capitalisation sur prix de souscription 201,1 M€",verified,
Paref Hexa,tof,84.9,84.9,%,BTI-T1-2026-PAREF-Hexa.pdf,"TOF T1 2026 84,9 %",verified,
Paref Hexa,endettement,29.1,29.1,%,BTI-T1-2026-PAREF-Hexa.pdf,"% DETTE/VALEUR AU BILAN 29,1 % (dette bancaire 68,3 M€)",verified,
Paref Hexa,nb_associes,3718,3718,associés,BTI-T1-2026-PAREF-Hexa.pdf,Nombre d'associés 3 718,verified,
Paref Hexa,nb_immeubles,41,41,immeubles,BTI-T1-2026-PAREF-Hexa.pdf,Immeubles 41,verified,
Paref Hexa,nb_locataires,,75,baux,BTI-T1-2026-PAREF-Hexa.pdf,Nombre de baux : 75 ; Baux 75,verified,75 baux.
Paref Hexa,repartition_geo,"{'Métropoles régionales': 56, 'Ile-de-France hors Paris': 26.7, 'Paris': 5.3, 'Autres régions': 12}","{'Métropoles régionales': 56.0, 'Ile-de-France hors Paris': 25.5, 'Autres régions': 12.9, 'Paris': 5",% valorisation HD,BTI-T1-2026-PAREF-Hexa.pdf,"12 métropoles régionales 56,0 % / Ile-de-France hors Paris 25,5 % / Autres régions 12,9 % / Paris 5,6 %",verified,
Paref Hexa,repartition_sectorielle,"{'Bureaux': 65.1, ""Locaux d'activité"": 3.9, 'Logistique-Messagerie': 4.8, 'Autres': 26.2}","{'Bureaux': 65.1, 'Autres': 26.2, 'Logistique & Messagerie': 4.8, ""Locaux d'activité"": 3.9}",% valorisation HD,BTI-T1-2026-PAREF-Hexa.pdf,"Bureaux 65,1 % / Locaux d'activité 3,9 % / Logistique & Messagerie 4,8 % / Autres 26,2 %",verified,
Paref Hexa,liquidite,,19 789 parts en attente de retrait (sur 1 169 445 parts),,BTI-T1-2026-PAREF-Hexa.pdf,"Le capital s'élève à 1 169 445 parts en fin de trimestre, dont 19 789 parts en attente de retrait",verified,
Paref Hexa,frequence_distribution,Trimestriel,Trimestrielle,,BTI-T1-2026-PAREF-Hexa.pdf,4 acomptes trimestriels par an,verified,
Paref Hexa,sfdr_article,,8,,PAREF-Hexa-DIC2025MAJ-ESG.pdf,La SCPI relève de l'article 8 du Règlement (UE) 2019/2088 dit SFDR,verified,
Paref Hexa,niveau_risque_dic,,2,sur 7,PAREF-Hexa-DIC2025MAJ-ESG.pdf,Nous avons classé ce produit dans la classe de risque 2 sur 7,verified,
Paref Hexa,duree_placement,10,10,ans,PAREF-Hexa-DIC2025MAJ-ESG.pdf,Période de détention recommandée : 10 ans,verified,
Paref Hexa,frais_souscription,12,10,% HT,BTI-T1-2026-PAREF-Hexa.pdf,Commission de souscription : 10 % HT du prix de souscription (prime d'émission incluse),verified,
Paref Hexa,frais_gestion,8,8,% HT,BTI-T1-2026-PAREF-Hexa.pdf,"Commission de gestion annuelle : 8 % HT (soit 9,6 % TTC) des recettes encaissées HT",verified,
Patrimmo Croissance Impact,prix_souscription,677,677,EUR,PRAEMIA_BTI_Patrimmo Croissance_T1_2026.pdf,"Prix de souscription 677,00 €",verified,
Patrimmo Croissance Impact,prix_retrait,597.38,597.38,EUR,PRAEMIA_BTI_Patrimmo Croissance_T1_2026.pdf,"Valeur de retrait 597,38 €",verified,
Patrimmo Croissance Impact,taux_distribution,0,0,%,PRAEMIA_BTI_Patrimmo Croissance_T1_2026.pdf,En l'absence de distribution sur la SCPI Patrimmo Croissance Impact puisque l'investissement se fait en nue-propriété,verified,"SCPI résidentielle en nue-propriété : aucune distribution de revenus (taux 0 % correct, ce n'est pas une erreur). PGA 20"
Patrimmo Croissance Impact,capitalisation,189.7,189.7,M€,PRAEMIA_BTI_Patrimmo Croissance_T1_2026.pdf,"Capitalisation 189,7 M€",verified,
Patrimmo Croissance Impact,tof,92.4,,,,"TOF non publié dans le BT (SCPI en nue-propriété, sans perception directe de loyers).",manual_review,"TOF non publié dans le BT (SCPI en nue-propriété, sans perception directe de loyers)."
Patrimmo Croissance Impact,endettement,6.4,6.4,%,PRAEMIA_BTI_Patrimmo Croissance_T1_2026.pdf,"Ratio des dettes et autres engagements selon la méthode de l'ASPIM : 6,4 % (dont 6,4 % emprunts bancaires) ; effet de levier 1,1",verified,
Patrimmo Croissance Impact,nb_associes,1879,1879,associés,PRAEMIA_BTI_Patrimmo Croissance_T1_2026.pdf,ASSOCIÉS 1T 2026 : 1 879,verified,
Patrimmo Croissance Impact,nb_immeubles,64,64,immeubles,PRAEMIA_BTI_Patrimmo Croissance_T1_2026.pdf,Nombre d'actifs 64 immeubles (Nombre de lots 511),verified,
Patrimmo Croissance Impact,nb_locataires,,,,,Non publié (nue-propriété : l'usufruit/exploitation est détenu par un bailleur social).,manual_review,Non publié (nue-propriété : l'usufruit/exploitation est détenu par un bailleur social).
Patrimmo Croissance Impact,repartition_geo,"{'Région parisienne': 36.8, 'Paris': 32.6, 'Régions': 27.8, 'Parts SCPI': 2.8}","{'Île-de-France hors Paris': 36.8, 'Paris': 32.4, 'France hors région parisienne': 28.4, 'SCPI': 2.4",% valeur vénale,PRAEMIA_BTI_Patrimmo Croissance_T1_2026.pdf,"36,8 % Île-de-France hors Paris / 32,4 % Paris / 28,4 % France hors région parisienne / 2,4 % SCPI",verified,
Patrimmo Croissance Impact,repartition_sectorielle,"{'Résidentiel': 97, 'SCPI': 3}","{'Résidentiel': 97.6, 'SCPI': 2.4}",% valeur vénale,PRAEMIA_BTI_Patrimmo Croissance_T1_2026.pdf,"97,6 % Résidentiel / 2,4 % SCPI",verified,
Patrimmo Croissance Impact,liquidite,,38 277 parts en attente de retrait (confirmées et non confirmées) au 31/03/2026 ; liquidité peu orga,,PRAEMIA_BTI_Patrimmo Croissance_T1_2026.pdf,"Au 31/03/2026, 38 277 parts (confirmées et non confirmées) sont en attente de retrait. La liquidité de la SCPI est par conséquent peu organisée. 100 % des actif",verified,
Patrimmo Croissance Impact,frequence_distribution,NC,Aucune (nue-propriété),,PRAEMIA_BTI_Patrimmo Croissance_T1_2026.pdf,Patrimmo Croissance Impact n'a pas vocation à distribuer de revenus fonciers (investissement en nue-propriété),verified,
Patrimmo Croissance Impact,sfdr_article,,9,,SCPI Patrimmo Croissance - DIC.pdf,La SCPI est classée « Article 9 » au sens du Règlement européen « SFDR »,verified,
Patrimmo Croissance Impact,niveau_risque_dic,,3,sur 7,SCPI Patrimmo Croissance - DIC.pdf,Nous avons classé ce produit dans la classe de risque 3 sur 7,verified,
Patrimmo Croissance Impact,duree_placement,10,10,ans,SCPI Patrimmo Croissance - DIC.pdf,Période de détention recommandée : 10 ans,verified,
Patrimmo Croissance Impact,frais_souscription,11.76,11.76,% HT,PRAEMIA_BTI_Patrimmo Croissance_T1_2026.pdf,"Frais de souscription : 11,76 % HT (exonérée de TVA) du prix de souscription prime d'émission incluse",verified,
Patrimmo Croissance Impact,frais_gestion,9,10,% HT,PRAEMIA_BTI_Patrimmo Croissance_T1_2026.pdf,Frais de gestion annuels : 10 % HT maximum du montant des produits locatifs,verified,
Perial Grand Paris,prix_souscription,458.0,458,EUR,PGP BTI T1 2026.pdf,"Chiffres-clés du trimestre : 5 parts souscrites pour 2 290 € collectés (nominal 765 € + prime d'émission 1 525 €), soit 458 € / part",verified,
Perial Grand Paris,prix_retrait,449.00,,,,"Variabilité du capital suspendue depuis le 25/02/2026, marché secondaire ouvert depuis avril 2026 ; valeur de retrait non publiée dans le BT (le prix s'établit ",manual_review,"Variabilité du capital suspendue depuis le 25/02/2026, marché secondaire ouvert depuis avril 2026 ; valeur de retrait no"
Perial Grand Paris,taux_distribution,4.801,4.8,%,PGP BTI T1 2026.pdf,"Taux de distribution 2025 : 4,80 % (y compris 1,45 % de plus-values distribuées)",verified,
Perial Grand Paris,capitalisation,10518734861.05,1051.87,M€,PGP BTI T1 2026.pdf,"CAPITALISATION au 31/03/2026 : 1 051 873 486 € (~1,1 Md€)",verified,"Capitalisation ~1,05 Md€. L'ancienne valeur (10 518 734 861) était surévaluée d'un facteur 10."
Perial Grand Paris,tof,84.4,84.4,%,PGP BTI T1 2026.pdf,"Taux d'occupation financier : 84,4 % au 31/03/2026",verified,
Perial Grand Paris,endettement,33.8,35.0,%,PGP BTI T1 2026.pdf,"TAUX D'ENDETTEMENT 35,0 % (max 40 %)",verified,
Perial Grand Paris,nb_associes,,,,,Nombre d'associés non publié dans le BT.,manual_review,Nombre d'associés non publié dans le BT.
Perial Grand Paris,nb_immeubles,91,91,immeubles,PGP BTI T1 2026.pdf,Nombre d'immeubles 91,verified,
Perial Grand Paris,nb_locataires,,321,baux,PGP BTI T1 2026.pdf,Nombre de baux 321,verified,321 baux.
Perial Grand Paris,repartition_geo,"{'Région Parisienne': 75.4, 'Paris': 20.3, 'Régions': 4.3}","{'Région Parisienne': 76.2, 'Paris': 19.6, 'Régions': 4.2}",%,PGP BTI T1 2026.pdf,"Région Parisienne 76,2 % / Paris 19,6 % / Régions 4,2 % (au 31/03/2026)",verified,
Perial Grand Paris,repartition_sectorielle,"{'Bureaux': 95.2, 'Hôtels': 1.7, 'Logistique': 1.9, 'Commerces': 1.3}","{'Bureaux': 95.2, ""Logistique et locaux d'activités"": 1.9, 'Hôtels, tourisme, loisirs': 1.7, 'Commer",%,PGP BTI T1 2026.pdf,"Bureaux 95,2 % / Logistique et locaux d'activités 1,9 % / Hôtels, tourisme, loisirs 1,7 % / Commerces 1,3 %",verified,
Perial Grand Paris,liquidite,,Variabilité du capital suspendue depuis le 25/02/2026 ; ouverture d'un marché secondaire (confrontat,,PGP BTI T1 2026.pdf,"Depuis le 25 février 2026, la Société de gestion a suspendu temporairement la variabilité du capital de cette SCPI. Cette suspension entraine la création d'un m",verified,
Perial Grand Paris,frequence_distribution,Trimestriel,Trimestrielle,,PGP BTI T1 2026.pdf,La Société de Gestion procède à une distribution trimestrielle des acomptes sur dividende,verified,
Perial Grand Paris,sfdr_article,,9,,69d74a4348d4ea189f2426d0_Document d'information Clé.pdf,La SCPI est classée dans la définition de l'article 9 du règlement européen dit « Disclosure » ou « SFDR »,verified,
Perial Grand Paris,niveau_risque_dic,,4,sur 7,69d74a4348d4ea189f2426d0_Document d'information Clé.pdf,Nous avons classé ce produit dans la classe de risque 4 sur 7,verified,
Perial Grand Paris,duree_placement,8,8,ans,69d74a4348d4ea189f2426d0_Document d'information Clé.pdf,Période de détention recommandée : 8 ans,verified,
Perial Grand Paris,frais_souscription,11.4,9.5,% (coûts d'entrée DIC),69d74a4348d4ea189f2426d0_Document d'information Clé.pdf,"Coûts d'entrée 9,50 % maximum du montant que vous payez au moment de l'entrée",verified,
Perial Grand Paris,frais_gestion,10,10,% HT,PGP BTI T1 2026.pdf,Commission de gestion (applicable aux loyers) 10 % HT (12 % TTC),verified,
Perial Hospitalité Europe,prix_souscription,181,181,EUR,PHE BTI T1 2026.pdf,"PRIX DE SOUSCRIPTION D'UNE PART 181,00 € (nominal 150,00 € + prime d'émission 31,00 €)",verified,
Perial Hospitalité Europe,prix_retrait,165.61,165.61,EUR,PHE BTI T1 2026.pdf,"VALEUR DE RETRAIT 165,61 €",verified,
Perial Hospitalité Europe,taux_distribution,4.02,4.11,%,PHE BTI T1 2026.pdf,"Taux de distribution 2025 : 4,11 %",verified,
Perial Hospitalité Europe,capitalisation,333.11,333.04,M€,PHE BTI T1 2026.pdf,CAPITALISATION au 31/03/2026 : 333 041 448 € (~333 M€),verified,
Perial Hospitalité Europe,tof,98.1,99.3,%,PHE BTI T1 2026.pdf,"Taux d'occupation financier : 99,3 % au 31/03/2026",verified,
Perial Hospitalité Europe,endettement,20.7,28.1,%,PHE BTI T1 2026.pdf,"TAUX D'ENDETTEMENT 28,1 % (max 40 %)",verified,
Perial Hospitalité Europe,nb_associes,,,,,Nombre d'associés non publié dans le BT.,manual_review,Nombre d'associés non publié dans le BT.
Perial Hospitalité Europe,nb_immeubles,,29,immeubles,PHE BTI T1 2026.pdf,Nombre d'immeubles 29,verified,
Perial Hospitalité Europe,nb_locataires,,29,baux,PHE BTI T1 2026.pdf,Nombre de baux 29,verified,29 baux.
Perial Hospitalité Europe,repartition_geo,"{'Allemagne': 67.5, 'Espagne': 17.6, 'Italie': 11.4, 'Pays-Bas': 3.5}","{'Allemagne': 65.1, 'Espagne': 18.0, 'Italie': 13.2, 'Pays-Bas': 3.7}",%,PHE BTI T1 2026.pdf,"Allemagne 65,1 % / Espagne 18,0 % / Italie 13,2 % / Pays-Bas 3,7 % (Europe hors France 100 %)",verified,
Perial Hospitalité Europe,repartition_sectorielle,"{'Santé et éducation': 61.0, 'Hôtels tourisme loisirs': 37.9, 'Alternatifs résidences étudiantes': 1","{'Santé et éducation': 59.0, 'Hôtels, tourisme, loisirs': 40.4, 'Alternatifs (résidence étudiante)':",%,PHE BTI T1 2026.pdf,"Santé et éducation 59,0 % / Hôtels, tourisme, loisirs 40,4 % / Alternatifs (résidence étudiante) 0,6 %",verified,
Perial Hospitalité Europe,liquidite,,37 302 parts en attente de retrait au 31/03/2026 (variabilité du capital non suspendue),,PHE BTI T1 2026.pdf,NOMBRE DE PARTS EN ATTENTE DE RETRAIT 37 302,verified,
Perial Hospitalité Europe,frequence_distribution,Trimestriel,Trimestrielle,,PHE BTI T1 2026.pdf,Dividendes en 2026 par trimestre (Trim. 1 à Trim. 4),verified,
Perial Hospitalité Europe,sfdr_article,,8,,69d74af6a5d1bdddcbf684f7_Annexe SFDR - documentation précontractuelle - Art 8.pdf,Annexe SFDR - documentation précontractuelle - Art 8 (SCPI classée article 8 SFDR),verified,
Perial Hospitalité Europe,niveau_risque_dic,,,,,"DIC PHE non lu ; par analogie aux autres SCPI Perial, classe de risque probable 3 ou 4 sur 7 — à confirmer.",manual_review,"DIC PHE non lu ; par analogie aux autres SCPI Perial, classe de risque probable 3 ou 4 sur 7 — à confirmer."
Perial Hospitalité Europe,duree_placement,8,8,ans,PHE BTI T1 2026.pdf,La durée de placement recommandée est de 8 ans,verified,
Perial Hospitalité Europe,frais_souscription,10.2,8.5,% HT,PHE BTI T1 2026.pdf,"Commission de souscription 8,5 % HT (10,2 % TTC)",verified,
Perial Hospitalité Europe,frais_gestion,9,9,% HT,PHE BTI T1 2026.pdf,"Commission de gestion (applicable aux loyers) 9 % HT (10,8 % TTC)",verified,
Perial O2,prix_souscription,164.0,164,EUR,PO2 BTI 2026 T1 VDEF.pdf,"Chiffres-clés du trimestre : 27 parts souscrites pour 4 428 € collectés (nominal 2 700 € + prime 1 728 €), soit 164 € / part",verified,
Perial O2,prix_retrait,150.06,,,,"Variabilité du capital suspendue depuis le 25/02/2026, marché secondaire ouvert depuis avril 2026 ; valeur de retrait non publiée dans le BT.",manual_review,"Variabilité du capital suspendue depuis le 25/02/2026, marché secondaire ouvert depuis avril 2026 ; valeur de retrait no"
Perial O2,taux_distribution,4.65,4.65,%,PO2 BTI 2026 T1 VDEF.pdf,"Taux de distribution 2025 : 4,65 % (y compris 0,10 % de plus-values et 0,11 % de RAN)",verified,
Perial O2,capitalisation,2401,2401.59,M€,PO2 BTI 2026 T1 VDEF.pdf,"CAPITALISATION au 31/03/2026 : 2 401 590 088 € (~2,4 Md€)",verified,
Perial O2,tof,86.2,86.2,%,PO2 BTI 2026 T1 VDEF.pdf,"Taux d'occupation financier : 86,2 % au 31/03/2026",verified,
Perial O2,endettement,31.2,31.2,%,PO2 BTI 2026 T1 VDEF.pdf,"TAUX D'ENDETTEMENT 31,2 % (max 40 %)",verified,
Perial O2,nb_associes,,,,,Nombre d'associés non publié dans le BT.,manual_review,Nombre d'associés non publié dans le BT.
Perial O2,nb_immeubles,137,137,immeubles,PO2 BTI 2026 T1 VDEF.pdf,Nombre d'immeubles 137,verified,
Perial O2,nb_locataires,,491,baux,PO2 BTI 2026 T1 VDEF.pdf,Nombre de baux 491,verified,491 baux.
Perial O2,repartition_geo,"{'Régions': 38.4, 'Région parisienne': 36.6, 'Europe hors France': 22.5, 'Paris': 2.5}","{'France': 76.5, 'Pays-Bas': 9.9, 'Allemagne': 4.4, 'Italie': 4.1, 'Belgique': 2.3, 'Portugal': 1.5,",%,PO2 BTI 2026 T1 VDEF.pdf,"France 76,5 % (dont Région Parisienne 37,0 %, Régions 36,8 %, Paris 2,7 %) / Pays-Bas 9,9 % / Allemagne 4,4 % / Italie 4,1 % / Belgique 2,3 % / Portugal 1,5 % /",verified,
Perial O2,repartition_sectorielle,"{'Bureaux': 85.2, 'Hôtels-tourisme': 6.1, 'Commerces': 2.7, 'Santé-éducation': 5, 'Logistique': 0.9}","{'Bureaux': 85.2, 'Hôtels, tourisme, loisirs': 6.1, 'Santé et éducation': 5.0, 'Commerces': 2.7, ""Lo",%,PO2 BTI 2026 T1 VDEF.pdf,"Bureaux 85,2 % / Hôtels, tourisme, loisirs 6,1 % / Santé et éducation 5,0 % / Commerces 2,7 % / Logistique et locaux d'activités 0,9 %",verified,
Perial O2,liquidite,,Variabilité du capital suspendue depuis le 25/02/2026 ; ouverture d'un marché secondaire (confrontat,,PO2 BTI 2026 T1 VDEF.pdf,"Depuis le 25 février 2026, la Société de gestion a suspendu temporairement la variabilité du capital de cette SCPI. Cette suspension entraine la création d'un m",verified,
Perial O2,frequence_distribution,Trimestriel,Trimestrielle,,PO2 BTI 2026 T1 VDEF.pdf,Les dividendes potentiels continuent à être distribués chaque trimestre,verified,
Perial O2,sfdr_article,,9,,69d74a1c770ced450f0ac8cb_Document d'Information Clé.pdf,La SCPI est classée dans la définition de l'article 9 du règlement européen dit « Disclosure » ou « SFDR »,verified,
Perial O2,niveau_risque_dic,,4,sur 7,69d74a1c770ced450f0ac8cb_Document d'Information Clé.pdf,Nous avons classé ce produit dans la classe de risque 4 sur 7,verified,
Perial O2,duree_placement,8,8,ans,69d74a1c770ced450f0ac8cb_Document d'Information Clé.pdf,Période de détention recommandée : 8 ans,verified,
Perial O2,frais_souscription,10.2,11.5,% HT,PO2 BTI 2026 T1 VDEF.pdf,"Commission de souscription 11,5 % HT (13,8 % TTC)",verified,
Perial O2,frais_gestion,9.58,1.06,% / an (frais courants DIC),69d74a1c770ced450f0ac8cb_Document d'Information Clé.pdf,"Frais de gestion et autres frais administratifs et d'exploitation 1,06 % de la valeur de votre investissement par an",verified,Commission de gestion (% des loyers) non chiffrée dans le BT ; valeur = frais courants annuels DIC.
Perial Opportunités Europe,prix_souscription,44.0,44.0,EUR,69f34e5194509a2ff583710d_POE BTI T1 2026.pdf,"PRIX DE SOUSCRIPTION D'UNE PART 44,00€ (depuis le 1er janvier 2026, division par 20)",verified,
Perial Opportunités Europe,prix_retrait,39.82,39.82,EUR,69f34e5194509a2ff583710d_POE BTI T1 2026.pdf,"VALEUR DE RETRAIT 39,82€",verified,
Perial Opportunités Europe,taux_distribution,6.1,6.1,%,69f34e5194509a2ff583710d_POE BTI T1 2026.pdf,"Taux de distribution 2025 : 6,10 %",verified,
Perial Opportunités Europe,capitalisation,790461980790,790.46,M€,69f34e5194509a2ff583710d_POE BTI T1 2026.pdf,CAPITALISATION 790 461 980 € au 31/03/2026,verified,
Perial Opportunités Europe,tof,89.4,89.4,%,69f34e5194509a2ff583710d_POE BTI T1 2026.pdf,"Taux d'occupation financier : 89,4% au 31/03/2026",verified,
Perial Opportunités Europe,endettement,31.4,30.7,%,69f34e5194509a2ff583710d_POE BTI T1 2026.pdf,"TAUX D'ENDETTEMENT 30,7 %",verified,
Perial Opportunités Europe,nb_associes,,,,,Le BT ne donne pas le nombre d'associés propre à la SCPI (60 000+ associés cité = total PERIAL AM),manual_review,Le BT ne donne pas le nombre d'associés propre à la SCPI (60 000+ associés cité = total PERIAL AM)
Perial Opportunités Europe,nb_immeubles,127,127,immeubles,69f34e5194509a2ff583710d_POE BTI T1 2026.pdf,Nombre d'immeubles 127 ; Nombre de baux 302 au 31/03/2026,verified,
Perial Opportunités Europe,nb_locataires,,,,,Nombre de locataires non précisé ; le BT indique 302 baux,manual_review,Nombre de locataires non précisé ; le BT indique 302 baux
Perial Opportunités Europe,repartition_geo,"{'France': 59.5, 'Pays-Bas': 13.8, 'Allemagne': 12.6, 'Espagne': 12.3, 'Italie': 1.9}","{'France': 58.7, 'Pays-Bas': 14.0, 'Espagne': 12.7, 'Allemagne': 12.6, 'Italie': 1.9}",%,69f34e5194509a2ff583710d_POE BTI T1 2026.pdf,"Répartition géographique au 31/03/2026 : France 58,7% / Pays-Bas 14,0% / Espagne 12,7% / Allemagne 12,6% / Italie 1,9%",verified,
Perial Opportunités Europe,repartition_sectorielle,"{'Bureaux': 47.7, 'Hôtels-tourisme': 27.3, 'Commerces': 18.6, 'Santé-éducation': 4.6, 'Logistique': ","{'Bureaux': 47.7, 'Hôtels, tourisme, loisirs': 27.3, 'Commerces': 18.6, 'Santé et éducation': 4.6, """,%,69f34e5194509a2ff583710d_POE BTI T1 2026.pdf,Répartition sectorielle au 31/03/2026,verified,
Perial Opportunités Europe,liquidite,,Liquidité normale,,69f34e5194509a2ff583710d_POE BTI T1 2026.pdf,NOMBRE DE PART EN ATTENTE DE RETRAIT : - (aucune au 31/03/2026) ; retraits du trimestre 98 683 parts compensés par les souscriptions,verified,
Perial Opportunités Europe,frequence_distribution,Mensuel,Mensuelle,,69f34e5194509a2ff583710d_POE BTI T1 2026.pdf,passage à une distribution mensuelle des acomptes sur dividendes depuis 2026,verified,
Perial Opportunités Europe,sfdr_article,,8,,69d74a5edc2a8e8bcab4fc26_Document d'information Clé.pdf,La SCPI est classée dans la définition de l'article 8 du règlement européen dit « SFDR »,verified,
Perial Opportunités Europe,niveau_risque_dic,,4,sur 7,69d74a5edc2a8e8bcab4fc26_Document d'information Clé.pdf,classé dans la classe de risque 4 sur 7,verified,
Perial Opportunités Europe,duree_placement,8,8,ans,69d74a5edc2a8e8bcab4fc26_Document d'information Clé.pdf,Période de détention recommandée : 8 ans,verified,
Perial Opportunités Europe,frais_souscription,11.4,9.5,% HT,69f34e5194509a2ff583710d_POE BTI T1 2026.pdf,"Commission de souscription 9,5% HT (11,4% TTC)",verified,
Perial Opportunités Europe,frais_gestion,10,10.0,% HT,69f34e5194509a2ff583710d_POE BTI T1 2026.pdf,Commission de gestion (applicable aux loyers) 10% HT (12% TTC),verified,
Remake Live,prix_souscription,204,204.0,EUR,document.pdf (Bulletin d'information T1 2026),"Prix de souscription 204,00 € ; minimum 1 part soit 204€",verified,
Remake Live,prix_retrait,204,204.0,EUR,document.pdf (Bulletin d'information T1 2026),Prix de souscription/valeur de retrait 204 € ; commission de souscription 0 %,verified,
Remake Live,taux_distribution,7.05,7.05,%,document.pdf (Bulletin d'information T1 2026),"Taux de distribution 2025 : 7,05 % (soit 14,37€ par part)",verified,
Remake Live,capitalisation,882,882.0,M€,document.pdf (Bulletin d'information T1 2026),882 M€ de capitalisation au 31/03/2026,verified,
Remake Live,tof,99.16,99.16,%,document.pdf (Bulletin d'information T1 2026),"Taux d'occupation financière (TOF) 99,16 % au 31/03/2026",verified,
Remake Live,endettement,18.64,24.42,%,document.pdf (Bulletin d'information T1 2026),"Taux d'endettement 24,42 % au 31/03/2026 (dont endettement bancaire 23,82 %)",verified,
Remake Live,nb_associes,,12333,associés,document.pdf (Bulletin d'information T1 2026),Nombre d'associés 12 333,verified,
Remake Live,nb_immeubles,58,71,immeubles,document.pdf (Bulletin d'information T1 2026),71 Immeubles au 31/03/2026,verified,
Remake Live,nb_locataires,,97,locataires,document.pdf (Bulletin d'information T1 2026),97 Locataires (137 baux) au 31/03/2026,verified,
Remake Live,repartition_geo,"{'Royaume Uni': 29, 'France': 27.62, 'Espagne': 11.66, 'Irlande': 10.11, 'Pays-Bas': 9.93, 'Pologne'","{'Royaume-Uni': 29.79, 'France': 23.88, 'Espagne': 10.01, 'Irlande': 9.57, 'Pays-Bas': 9.34, 'Pologn",%,document.pdf (Bulletin d'information T1 2026),Répartition géographique au 31/03/2026,verified,
Remake Live,repartition_sectorielle,"{'Bureaux': 38.02, 'Santé & éducation': 21.92, ""Logistique et locaux d'activité"": 14.12, 'Commerces'","{'Bureaux': 39.82, 'Santé & éducation': 19.57, ""Logistique et locaux d'activité"": 15.27, 'Commerces'",%,document.pdf (Bulletin d'information T1 2026),Répartition sectorielle au 31/03/2026,verified,
Remake Live,liquidite,,Liquidité normale,,document.pdf (Bulletin d'information T1 2026),0 Part en attente de retrait ; 4 357 parts retirées ; 0 transaction gré à gré au T1 2026,verified,
Remake Live,frequence_distribution,Trimestriel,Mensuelle,,document.4pdf.pdf (DIC) / document.pdf,Distribution potentielle des revenus : Distribution mensuelle,verified,
Remake Live,sfdr_article,,8,,document.4pdf.pdf (DIC),promeut des caractéristiques environnementales et sociales au sens de l'article 8 du Règlement (UE) 2019/2088 (SFDR),verified,
Remake Live,niveau_risque_dic,,3,sur 7,document.4pdf.pdf (DIC),classé REMAKE LIVE dans la classe de risque 3 sur 7,verified,
Remake Live,duree_placement,10,10,ans,document.4pdf.pdf (DIC),Période de détention recommandée : 10 ans,verified,
Remake Live,frais_souscription,0,0.0,%,document.pdf (Bulletin d'information T1 2026),"Commission de souscription 0 % ; Coûts d'entrée 0,00 % (DIC)",verified,
Remake Live,frais_gestion,15,18.0,% TTC,document.pdf (Bulletin d'information T1 2026),Commission de gestion annuelle 18% TTC (15% HT) des produits locatifs HT,verified,
Selectinvest 1,prix_souscription,530,530.0,EUR,I9_BT_20260331.pdf,"Minimum de souscription fixé à 1 part, soit (A) 530,00 €",verified,
Selectinvest 1,prix_retrait,490.00,496.88,EUR,I9_BT_20260331.pdf,"Valeur de retrait (A)-(B) 496,88 € (prix souscription 530€ moins commission 6,25% HT)",verified,
Selectinvest 1,taux_distribution,4.4,4.44,%,I9_BT_20260331.pdf,"Taux de distribution (1) 4,44 % (au titre de 2025)",verified,
Selectinvest 1,capitalisation,1552.4,1241.94,M€,I9_BT_20260331.pdf,Capitalisation 1 241 941 050 €,verified,
Selectinvest 1,tof,89.8,84.1,%,I9_BT_20260331.pdf,"Taux d'Occupation Financier 84,1 % (1er trimestre 2026)",verified,
Selectinvest 1,endettement,33.8,24.54,%,I9_BT_20260331.pdf,"Endettement réel au 31/03/2026 : 24,54 % (autorisation statutaire 30 %)",verified,
Selectinvest 1,nb_associes,,20468,associés,I9_BT_20260331.pdf,20 468 associés,verified,
Selectinvest 1,nb_immeubles,,235,immeubles,I9_BT_20260331.pdf,132 immeubles en direct + 103 immeubles via des SCI,verified,
Selectinvest 1,nb_locataires,,,,,Nombre de locataires non précisé dans le BT,manual_review,Nombre de locataires non précisé dans le BT
Selectinvest 1,repartition_geo,"{'Ile-de-France': 54.5, 'Régions': 24.8, 'Paris': 17.28, 'Allemagne': 3.42}","{'Île-de-France': 54.93, 'Régions': 26.61, 'Paris': 15.08, 'Allemagne': 3.38}",%,I9_BT_20260331.pdf,Répartition géographique (valeur vénale),verified,
Selectinvest 1,repartition_sectorielle,"{'Bureaux': 72.52, 'Commerces': 21.41, ""Logistique et locaux d'activités"": 3.87, 'Hotels': None, 'to","{'Bureaux': 70.94, 'Commerces': 22.04, ""Logistique et locaux d'activités"": 4.19, 'Hôtels, tourisme e",%,I9_BT_20260331.pdf,Répartition sectorielle (valeur vénale),verified,
Selectinvest 1,liquidite,,Liquidité fortement restreinte,,I9_BT_20260331.pdf,Marché des parts suspendu depuis le 12 février 2026 ; mise en place de la suspension de la variabilité du capital (vote AGE 29/04/2026) ; 212 272 parts en atten,verified,
Selectinvest 1,frequence_distribution,Trimestriel,Trimestrielle,,I9_BT_20260331.pdf,"Distribution trimestrielle 3,54 € par part ; versements 29/04, 30/07, 29/10, 29/01",verified,
Selectinvest 1,sfdr_article,,9,,I9_BT_20260331.pdf,Classement SFDR : article 9,verified,
Selectinvest 1,niveau_risque_dic,,4,sur 7,I9_DIC.pdf,catégorisé dans la classe de risque 4 sur 7,verified,
Selectinvest 1,duree_placement,9,9,ans,I9_DIC.pdf,période de placement recommandée de 9 ans,verified,
Selectinvest 1,frais_souscription,9,6.25,% HT,I9_BT_20260331.pdf,"Commission de souscription : 6,25 % HT max, soit 7,50 % TTC",verified,
Selectinvest 1,frais_gestion,9,9.0,% HT,I9_BT_20260331.pdf,"Commission de gestion locative : 9 % HT max, soit 10,80 % TTC",verified,
Selectipierre 2,prix_souscription,773.0,773.0,EUR,BTI Selectipierre 2 T1 2026.pdf,Prix de souscription depuis le 01.03.2023 : 773 €,verified,
Selectipierre 2,prix_retrait,695.70,695.7,EUR,BTI Selectipierre 2 T1 2026.pdf,"Conditions de retrait depuis le 01.03.2023 : Prix de retrait 695,70 €",verified,
Selectipierre 2,taux_distribution,4.14,4.14,%,BTI Selectipierre 2 T1 2026.pdf,"Taux de distribution (TD) 2025 : 4,14 %",verified,
Selectipierre 2,capitalisation,466.5,466.5,M€,BTI Selectipierre 2 T1 2026.pdf,"Capitalisation 466,5 M€",verified,
Selectipierre 2,tof,94.89,94.89,%,BTI Selectipierre 2 T1 2026.pdf,"Taux d'Occupation Financier 1er trimestre 2026 : 94,89 %",verified,
Selectipierre 2,endettement,6.96,6.96,%,BTI Selectipierre 2 T1 2026.pdf,"Taux d'endettement au 31.03.2026 : 6,96 %",verified,
Selectipierre 2,nb_associes,7871,7871,associés,BTI Selectipierre 2 T1 2026.pdf,Associés 7 871,verified,
Selectipierre 2,nb_immeubles,67,67,immeubles,BTI Selectipierre 2 T1 2026.pdf,Immeubles 67,verified,
Selectipierre 2,nb_locataires,,254,locataires,BTI Selectipierre 2 T1 2026.pdf,Nombre de locataires 254,verified,
Selectipierre 2,repartition_geo,"{'Paris': 71, 'Ile-de-France': 22.6, 'Régions': 6.4}","{'Paris': 74.0, 'Île-de-France': 19.3, 'Régions': 6.7}",%,BTI Selectipierre 2 T1 2026.pdf,Répartition géographique (valeur vénale au 31.03.2026),verified,
Selectipierre 2,repartition_sectorielle,"{'Bureaux': 70.9, 'Commerces': 17.3, 'Résidences hôtelières-étudiantes': 4.5, 'Logements': 5.9, 'Act","{'Bureaux': 70.9, 'Locaux commerciaux': 17.3, ""Locaux d'habitation"": 5.9, 'Résidences hôtelières / é",%,BTI Selectipierre 2 T1 2026.pdf,Répartition par destination (valeur vénale au 31.03.2026),verified,
Selectipierre 2,liquidite,,Liquidité tendue,,BTI Selectipierre 2 T1 2026.pdf,"Marché primaire T1 2026 : 1 510 parts souscrites / 10 308 retraits, solde -8 798 parts ; 5 305 parts en attente au 31 mars 2026 ; fonds de remboursement mis en ",verified,
Selectipierre 2,frequence_distribution,Trimestriel,Trimestrielle,,BTI Selectipierre 2 T1 2026.pdf,"Acomptes trimestriels 6,50 € / part",verified,
Selectipierre 2,sfdr_article,,8,,BTI Selectipierre 2 T1 2026.pdf,La SCPI SELECTIPIERRE 2 est classée Article 8 au sens du Règlement SFDR,verified,
Selectipierre 2,niveau_risque_dic,,3,sur 7,DIC SELECTIPIERRE 2 31.12.2024.pdf,classé ce produit dans la classe de risque 3 sur 7,verified,
Selectipierre 2,duree_placement,8,8,ans,DIC SELECTIPIERRE 2 31.12.2024.pdf,durée minimale de détention recommandée des parts de la SCPI est de 8 ans,verified,
Selectipierre 2,frais_souscription,12,10.0,% HT,BTI Selectipierre 2 T1 2026.pdf,Commission de souscription : 10 % HT (12 % TTC) du montant de chaque souscription,verified,
Selectipierre 2,frais_gestion,9,9.2,% HT,BTI Selectipierre 2 T1 2026.pdf,"Commission de gestion : 9,2 % HT (11,04 % TTC) des produits locatifs encaissés HT",verified,
Sofiprime,prix_souscription,280,280.0,EUR,SOFIPRIME-BT-1T-2026.pdf,PRIX DE SOUSCRIPTION DE LA PART DE SOFIPRIME 280 € depuis le 1er juin 2023,verified,
Sofiprime,prix_retrait,238.5,,,,"SCPI à capital fixe : pas de prix de retrait classique ; cession via confrontation des ordres sur le marché secondaire (prix d'exécution non communiqué, aucune ",manual_review,SCPI à capital fixe : pas de prix de retrait classique ; cession via confrontation des ordres sur le marché secondaire (
Sofiprime,taux_distribution,0.54,0.54,%,SOFIPRIME-BT-1T-2026.pdf,"Taux de distribution 2025 : 0,54 % brut de fiscalité",verified,
Sofiprime,capitalisation,44.9,44.9,M€,SOFIPRIME-BT-1T-2026.pdf,"CAPITALISATION AU 31/03/2026 44 868 320 € (44,9 M€)",verified,
Sofiprime,tof,79.47,79.47,%,SOFIPRIME-BT-1T-2026.pdf,"Taux d'occupation financier du trimestre 79,47 %",verified,
Sofiprime,endettement,21,21.0,%,SOFIPRIME-BT-1T-2026.pdf,"21,0 % dette / valeur du patrimoine au 31 mars 2026",verified,
Sofiprime,nb_associes,,620,associés,SOFIPRIME-BT-1T-2026.pdf,620 NOMBRE D'ASSOCIÉS AU 31 MARS 2026,verified,
Sofiprime,nb_immeubles,,26,immeubles,SOFIPRIME-BT-1T-2026.pdf,26 immeubles représentant 52 unités locatives (43 appartements),verified,
Sofiprime,nb_locataires,,,,,Nombre de locataires non précisé ; le BT indique 52 unités locatives,manual_review,Nombre de locataires non précisé ; le BT indique 52 unités locatives
Sofiprime,repartition_geo,"{'Paris': 41, 'Île-de-France hors Paris': 34, 'Régions françaises': 25}",,,,Répartition géographique présentée uniquement sous forme de graphique non extractible dans le BT T1 2026 (valeurs textuelles absentes),manual_review,Répartition géographique présentée uniquement sous forme de graphique non extractible dans le BT T1 2026 (valeurs textue
Sofiprime,repartition_sectorielle,"{'Bureaux': 98, 'Commerces': 2}",,,,Répartition sectorielle présentée uniquement sous forme de graphique non extractible dans le BT T1 2026 (valeurs textuelles absentes),manual_review,Répartition sectorielle présentée uniquement sous forme de graphique non extractible dans le BT T1 2026 (valeurs textuel
Sofiprime,liquidite,,Liquidité limitée,,SOFIPRIME-BT-1T-2026.pdf,1 004 parts en attente au 31/03/2026 ; sept ordres de cession ; confrontation mensuelle des ordres (aucune part échangée janv-mars 2026),verified,
Sofiprime,frequence_distribution,Trimestriel,Annuelle,,SOFIPRIME-BT-1T-2026.pdf,Votre SCPI ne distribue qu'un seul acompte sur dividende par part ayant jouissance au mois de janvier,verified,
Sofiprime,sfdr_article,,8,,DIC-SFP-042026.pdf,Classification SFDR : Article 8,verified,
Sofiprime,niveau_risque_dic,,3,sur 7,DIC-SFP-042026.pdf,classé ce produit dans la classe de risques 3 sur 7,verified,
Sofiprime,duree_placement,10,10,ans,DIC-SFP-042026.pdf,période de détention recommandée d'au moins 10 ans,verified,
Sofiprime,frais_souscription,11.6,10.0,% HT,DIC-SFP-042026.pdf,"Coûts d'entrée 11,6 % (dont 10 % de commission de souscription HT + 1,6 % TVA)",verified,
Sofiprime,frais_gestion,1.03,,,,"Taux de commission de gestion (% des loyers) non indiqué dans le BT ni le DIC ; DIC mentionne frais de gestion récurrents 1,23 %/an de la valeur de l'investisse",manual_review,Taux de commission de gestion (% des loyers) non indiqué dans le BT ni le DIC ; DIC mentionne frais de gestion récurrent
Transitions Europe,prix_souscription,200,202.0,EUR,te_t1-2026.pdf,Prix de souscription 202 € (prix au 01/01/2026),verified,
Transitions Europe,prix_retrait,180.00,181.8,EUR,te_t1-2026.pdf,"Prix de retrait 181,80 €",verified,
Transitions Europe,taux_distribution,8.6,7.6,%,te_t1-2026.pdf,"2025 : Taux de distribution brut 7,60 % (la PGA 2025 est de 8,60 %)",verified,
Transitions Europe,capitalisation,948,1250.0,M€,te_t1-2026.pdf,Capitalisation 1.25 Md€ au 31/03/2026,verified,
Transitions Europe,tof,97.54,98.5,%,te_t1-2026.pdf,Taux d'occupation financier (TOF) 98.5 % au 31/03/2026,verified,
Transitions Europe,endettement,0,,,,Le taux d'endettement (méthodo ASPIM) est présenté sous forme de graphique non extractible dans le BT ; le DIC indique un recours à l'emprunt plafonné à 40 %,manual_review,Le taux d'endettement (méthodo ASPIM) est présenté sous forme de graphique non extractible dans le BT ; le DIC indique u
Transitions Europe,nb_associes,,33756,associés,te_t1-2026.pdf,Associés 33 756,verified,
Transitions Europe,nb_immeubles,,56,actifs,te_t1-2026.pdf,Nombre d'actifs en portefeuille 56 au 31/03/2026,verified,
Transitions Europe,nb_locataires,,319,locataires,te_t1-2026.pdf,Nombre de locataires 319 au 31/03/2026,verified,
Transitions Europe,repartition_geo,"{'Espagne': 36, 'Allemagne': 20, 'Pays-Bas': 19, 'Irlande': 12, 'Italie': 9, 'Pologne': 4}","{'Espagne': 34.0, 'Allemagne': 20.0, 'Pays-Bas': 14.0, 'Italie': 12.0, 'Irlande': 10.0, 'Pologne': 7",%,te_t1-2026.pdf,Répartition géographique (% valeur d'expertise HD),verified,
Transitions Europe,repartition_sectorielle,"{'Bureaux': 35, 'Commerce': 21, 'Logistique': 17, 'Life Science': 15, 'Hospitalité': 8, 'Éducation':","{'Bureaux': 35.0, 'Commerce': 25.0, 'Logistique': 15.0, 'Life Science': 11.0, 'Hospitalité': 6.0, 'A",%,te_t1-2026.pdf,Répartition typologique (% valeur d'expertise HD),verified,
Transitions Europe,liquidite,,Liquidité normale,,te_t1-2026.pdf,Nombre de part en attente de retrait 0 ; 730 250 parts souscrites / 11 830 retraits au T1 2026,verified,
Transitions Europe,frequence_distribution,Trimestriel,Trimestrielle,,te_t1-2026.pdf,Fréquence de distribution potentielle : Trimestrielle,verified,
Transitions Europe,sfdr_article,,8,,scpi_transitions_europe_-_dic.pdf,Transitions Europe est classé article 8 au sens du Règlement SFDR,verified,
Transitions Europe,niveau_risque_dic,,3,sur 7,scpi_transitions_europe_-_dic.pdf,classé ce produit dans la classe de risque 3 sur 7,verified,
Transitions Europe,duree_placement,10,10,ans,scpi_transitions_europe_-_dic.pdf,Période de détention recommandée : 10 ans,verified,
Transitions Europe,frais_souscription,12,10.0,% HT,te_t1-2026.pdf,Commission de souscription 10 % HT max. du montant de la souscription,verified,
Transitions Europe,frais_gestion,10,10.0,% HT,te_t1-2026.pdf,Commission de gestion 10 % HT max. des loyers encaissés,verified,
Urban Coeur de Commerce,prix_souscription,303,303.0,EUR,UCC_BT_1T2026.pdf,Prix de part 303 € ; prix de souscription de la part 303 €,verified,
Urban Coeur de Commerce,prix_retrait,264.50,264.31,EUR,UCC_BT_1T2026.pdf,"Valeur de retrait 264,31 € (valeur au 31/12/2025)",verified,
Urban Coeur de Commerce,taux_distribution,5.3,5.3,%,UCC_BT_1T2026.pdf,"Taux de Distribution 2025 : 5,30 % (PGA 2025 : 6,30 %)",verified,
Urban Coeur de Commerce,capitalisation,92.4,92.36,M€,UCC_BT_1T2026.pdf,"Capitalisation nette 92 360 838 € (92,36 M€)",verified,
Urban Coeur de Commerce,tof,91.95,91.95,%,UCC_BT_1T2026.pdf,"TOF 91,95 % (indicateurs clés T1 2026)",verified,
Urban Coeur de Commerce,endettement,12.2,12.2,%,UCC_BT_1T2026.pdf,"Ratio d'endettement 12,20 %",verified,
Urban Coeur de Commerce,nb_associes,2002,2002,associés,UCC_BT_1T2026.pdf,2 002 Associés,verified,
Urban Coeur de Commerce,nb_immeubles,,123,actifs,UCC_BT_1T2026.pdf,123 Actifs immobiliers détenus,verified,
Urban Coeur de Commerce,nb_locataires,,104,locataires,UCC_BT_1T2026.pdf,104 Locataires effectifs et locaux sous loyers garantis,verified,
Urban Coeur de Commerce,repartition_geo,"{'Province': 83, 'Île de France': 17}","{'Province': 86.0, 'Île-de-France': 14.0}",%,UCC_BT_1T2026.pdf,Répartition géographique (en % des loyers) : Province 86 % / Île-de-France 14 %,verified,
Urban Coeur de Commerce,repartition_sectorielle,"{'restauration': 34, 'Santé-sport-bien-être': 26, 'Opportunités-tendances': 27, 'Services proximité'","{'Alimentation / Restauration': 34.0, 'Opportunités & tendances (discount, bijouteries...)': 27.0, '",%,UCC_BT_1T2026.pdf,Répartition des commerces par secteur d'activité,verified,
Urban Coeur de Commerce,liquidite,,Liquidité normale,,UCC_BT_1T2026.pdf,Nombre de parts en attente de retrait : - (aucune au 31/03/2026) ; T1 2026 : 9 923 parts émises / 1 564 retraits,verified,
Urban Coeur de Commerce,frequence_distribution,Trimestriel,Trimestrielle,,UCC_BT_1T2026.pdf,Acompte sur dividende au titre du 1er trimestre 2026 versé le 30 avril 2026 ; prochain acompte fin juillet 2026 (T2),verified,
Urban Coeur de Commerce,sfdr_article,,8,,UCC_DIC_2026.pdf,produit classé Article 8 en application du règlement UE 2019/2088 dit Disclosure,verified,
Urban Coeur de Commerce,niveau_risque_dic,,3,sur 7,UCC_DIC_2026.pdf,classé le produit dans la classe de risque 3 sur 7,verified,
Urban Coeur de Commerce,duree_placement,10,10,ans,UCC_DIC_2026.pdf,Période de détention recommandée : 10 ans,verified,
Urban Coeur de Commerce,frais_souscription,11.83,11.833,% TTI,UCC_BT_1T2026.pdf,"Commission de souscription 11,833 % TTI du prix de la part (coûts d'entrée 11,83 % - DIC)",verified,
Urban Coeur de Commerce,frais_gestion,10,12.0,% TTI,UCC_BT_1T2026.pdf,Commission de Gestion : 12 % TTI (6 % TTI gestion administrative + 5 % HT des produits locatifs),verified,
NCap Continent,prix_souscription,210,210.0,EUR,bt_ncap_continent_t1_2026.pdf,"Prix de souscription 210,00 €",verified,
NCap Continent,prix_retrait,,154.98,EUR,bt_ncap_continent_t1_2026.pdf,"Valeur de retrait (par part) au 31/12/2025 : 154,98 €",verified,
NCap Continent,taux_distribution,7.1,7.1,%,bt_ncap_continent_t1_2026.pdf,"Taux de distribution brut de fiscalité étrangère 2025 : 7,10 % (5,57 % net de fiscalité étrangère)",verified,
NCap Continent,capitalisation,70.4,71.5,M€,bt_ncap_continent_t1_2026.pdf,"Capitalisation brute 71,5 M€ au 31/03/2026 (70 412 883 € en prix de souscription)",verified,
NCap Continent,tof,,100.0,%,bt_ncap_continent_t1_2026.pdf,TOF 100 % au 31/03/2026,verified,
NCap Continent,endettement,11.42,11.42,%,bt_ncap_continent_t1_2026.pdf,"Ratio des dettes et autres engagements au 31/03/2026 : 11,42 %",verified,
NCap Continent,nb_associes,2089,2089,associés,bt_ncap_continent_t1_2026.pdf,Nombre d'associés 2 089 au 31/03/2026,verified,
NCap Continent,nb_immeubles,18,18,immeubles,bt_ncap_continent_t1_2026.pdf,"Nombre d'immeubles 18 (Espagne 10, Royaume-Uni 7, Allemagne 1)",verified,
NCap Continent,nb_locataires,,25,locataires,bt_ncap_continent_t1_2026.pdf,Nombre de locataires 25 (nombre de baux en cours),verified,
NCap Continent,repartition_geo,,"{'Royaume-Uni': 54.0, 'Espagne': 38.0, 'Allemagne': 8.0}",%,bt_ncap_continent_t1_2026.pdf,Répartition géographique (% de la valeur vénale des actifs),verified,
NCap Continent,repartition_sectorielle,,"{'Commerce': 74.0, 'Bureaux': 12.0, 'Activités': 9.0, 'Éducation': 5.0}",%,bt_ncap_continent_t1_2026.pdf,Répartition typologique (% de la valeur vénale des actifs),verified,
NCap Continent,liquidite,,Liquidité normale,,bt_ncap_continent_t1_2026.pdf,"Parts en attente de retrait : 0 part au 31/03/2026 ; 33 264 parts souscrites augmentant le capital, 300 parts compensant des retraits",verified,
NCap Continent,frequence_distribution,Mensuel,Mensuelle,,bt_ncap_continent_t1_2026.pdf,"Depuis février 2026, les dividendes sont distribués mensuellement (auparavant trimestriellement)",verified,
NCap Continent,sfdr_article,,8,,ncap-continent_dic_15122025-1.pdf,Le produit est conforme aux dispositions de l'article 8 du Règlement SFDR,verified,
NCap Continent,niveau_risque_dic,,3,sur 7,ncap-continent_dic_15122025-1.pdf,classé le produit dans la classe de risque 3 sur 7,verified,
NCap Continent,duree_placement,,8,ans,ncap-continent_dic_15122025-1.pdf,durée de placement minimum recommandée est de huit (8) ans,verified,
NCap Continent,frais_souscription,,10.0,% HT,bt_ncap_continent_t1_2026.pdf,"Commission de souscription incluse dans la prime d'émission : 10 % HT soit 12 % TTC (25,20 € TTC)",verified,
NCap Continent,frais_gestion,,,,,"Taux de commission de gestion (% des loyers) non indiqué dans le BT ni le DIC ; le DIC mentionne des frais récurrents estimés à 0,20 %/an. À confirmer dans la n",manual_review,Taux de commission de gestion (% des loyers) non indiqué dans le BT ni le DIC ; le DIC mentionne des frais récurrents es
Wemo One,prix_souscription,210.0,210,EUR,BULLETIN-TRIMESTRIEL-N07-1T-2026-VFINALE-ok.pdf,Revalorisation du prix de part à 210 € au 1er avril 2026 (+5 %),verified,"Prix de part 200 € au 31/03/2026, revalorisé à 210 € au 01/04/2026"
Wemo One,prix_retrait,,189,EUR,BULLETIN-TRIMESTRIEL-N07-1T-2026-VFINALE-ok.pdf,PRIX DE RETRAIT D'UNE PART 180 €(2) ... (2) Revalorisation à 189 € au 01/04/2026,verified,"180 € au 31/03/2026, revalorisé à 189 € au 01/04/2026"
Wemo One,taux_distribution,15.27,15.27,%,BULLETIN-TRIMESTRIEL-N07-1T-2026-VFINALE-ok.pdf,"15,27 % taux de distribution de l'année 2025 (brut de fiscalité)",verified,Exception sourcée: taux élevé lié à la jeunesse de la SCPI (parts en jouissance limitées); cible 2026 = 10%
Wemo One,capitalisation,121.9,121.9,M€,BULLETIN-TRIMESTRIEL-N07-1T-2026-VFINALE-ok.pdf,"121,9 M€ capitalisation",verified,
Wemo One,tof,100,100,%,BULLETIN-TRIMESTRIEL-N07-1T-2026-VFINALE-ok.pdf,100 % TOF : taux d'occupation financier (33 actifs),verified,
Wemo One,endettement,,14,%,BULLETIN-TRIMESTRIEL-N07-1T-2026-VFINALE-ok.pdf,RATIO DE DETTES PAR RAPPORT À LA VALEUR D'EXPERTISE DU PATRIMOINE 14 %,verified,
Wemo One,nb_associes,,5133,,BULLETIN-TRIMESTRIEL-N07-1T-2026-VFINALE-ok.pdf,5 133 NOMBRE D'ASSOCIÉS,verified,
Wemo One,nb_immeubles,,33,,BULLETIN-TRIMESTRIEL-N07-1T-2026-VFINALE-ok.pdf,33 actifs ... TOF (33 actifs),verified,
Wemo One,nb_locataires,,,,,Non précisé; 40 baux indiqués (NOMBRE DE BAUX 40),manual_review,Non précisé; 40 baux indiqués (NOMBRE DE BAUX 40)
Wemo One,repartition_geo,"{'Italie': 46.1, 'Espagne': 29.4, 'France': 20.9, 'Irlande': 3.6}","{'Italie': 46.1, 'Espagne': 29.4, 'France': 20.9, 'Irlande': 3.6}",%,BULLETIN-TRIMESTRIEL-N07-1T-2026-VFINALE-ok.pdf,"Italie 46,1 % / Espagne 29,4 % / France 20,9 % / Irlande 3,6 %",verified,Confirmé conforme aux valeurs attendues (somme 100%)
Wemo One,repartition_sectorielle,"{'Commerces': 66.7, 'Activités': 18.4, 'Industriel': 6.6, 'Éducation': 5.2, 'Bureaux': 3.1}","{'Commerces': 66.7, 'Activités': 18.4, 'Industriel': 6.6, 'Éducation': 5.2, 'Bureaux': 3.1}",%,BULLETIN-TRIMESTRIEL-N07-1T-2026-VFINALE-ok.pdf,"Commerces 66,7 % / Activités 18,4 % / Industriel 6,6 % / Éducation 5,2 % / Bureaux 3,1 %",verified,Confirmé conforme aux valeurs attendues (somme 100%)
Wemo One,liquidite,,0 part en attente de retrait au 31/03/2026,,BULLETIN-TRIMESTRIEL-N07-1T-2026-VFINALE-ok.pdf,Parts en attente de retrait 0,verified,
Wemo One,frequence_distribution,Mensuel,mensuelle,,BULLETIN-TRIMESTRIEL-N07-1T-2026-VFINALE-ok.pdf,DÉTAIL DES DIVIDENDES VERSÉS PAR MOIS au 1er trimestre 2026 (janvier/février/mars 2026),verified,
Wemo One,sfdr_article,,6,,BULLETIN-TRIMESTRIEL-N07-1T-2026-VFINALE-ok.pdf,La SCPI relève de l'article 6 au sens du règlement SFDR (UE) 2019/2088,verified,
Wemo One,niveau_risque_dic,,3,1-7,3-SCPI-WEMO-ONE-DIC-2026-04-22.pdf,Nous avons classé le produit dans la classe de risque 3 sur 7,verified,
Wemo One,duree_placement,,8,ans,3-SCPI-WEMO-ONE-DIC-2026-04-22.pdf,La durée de placement recommandé pour ce produit est de 8 ans,verified,
Wemo One,frais_souscription,,10,% HT,BULLETIN-TRIMESTRIEL-N07-1T-2026-VFINALE-ok.pdf,"COMMISSION DE SOUSCRIPTION 10,0 % HT soit 12,0 % TTC",verified,
Wemo One,frais_gestion,,11,% HT,BULLETIN-TRIMESTRIEL-N07-1T-2026-VFINALE-ok.pdf,"COMMISSION DE GESTION 11,0 % HT max. soit 13,2 % TTC",verified,
Iroko Atlas,prix_souscription,200,200,EUR,Iroko_Atlas_bulletin_trimestriel_T1_2026.pdf,200 € Prix de souscription,verified,
Iroko Atlas,prix_retrait,200,200,EUR,Iroko_Atlas_bulletin_trimestriel_T1_2026.pdf,200 € Valeur de retrait1 (commission de 6 % TTC si retrait avant 5 ans),verified,
Iroko Atlas,taux_distribution,,,,,"TD annuel officiel non publié (SCPI lancée juin 2025); dividende 2025 de 15,49 €/part voté à l'AG du 16/04/2026",manual_review,"TD annuel officiel non publié (SCPI lancée juin 2025); dividende 2025 de 15,49 €/part voté à l'AG du 16/04/2026"
Iroko Atlas,capitalisation,120,120,M€,Iroko_Atlas_bulletin_trimestriel_T1_2026.pdf,Capitalisation 120 M€,verified,
Iroko Atlas,tof,,99.93,%,Iroko_Atlas_bulletin_trimestriel_T1_2026.pdf,"Taux d'Occupation Financier (TOF) 99,93 %",verified,
Iroko Atlas,endettement,,0,%,Iroko_Atlas_bulletin_trimestriel_T1_2026.pdf,Ratio d'endettement (LTV) 0 %,verified,
Iroko Atlas,nb_associes,3502,3502,,Iroko_Atlas_bulletin_trimestriel_T1_2026.pdf,Nombre total d'associés 3 502,verified,
Iroko Atlas,nb_immeubles,14,14,,Iroko_Atlas_bulletin_trimestriel_T1_2026.pdf,Nombre total d'actifs 14,verified,
Iroko Atlas,nb_locataires,,20,,Iroko_Atlas_bulletin_trimestriel_T1_2026.pdf,Nombre total de locataires 20,verified,
Iroko Atlas,repartition_geo,,"{'Royaume-Uni': 37.6, 'Pays-Bas': 28.9, 'Allemagne': 10.8, 'Espagne': 10.2, 'Irlande': 6.9, 'Tchéqui",%,Iroko_Atlas_bulletin_trimestriel_T1_2026.pdf,"Royaume-Uni 37,6 % / Pays-Bas 28,9 % / Allemagne 10,8 % / Espagne 10,2 % / Irlande 6,9 % / Tchéquie 5,7 % (valeur d'expertise HD)",verified,"Somme ~100,1%"
Iroko Atlas,repartition_sectorielle,"{'Commerces': 63.6, 'Santé-hôtellerie-autre': 11.6, 'Entrepôts': 10.1, 'Bureaux': 9.0, 'Autres': 5.7","{'Commerces': 63.6, 'Santé, hôtellerie, autre': 11.6, 'Entrepôts': 10.1, 'Bureaux': 9.0, ""Locaux d'a",%,Iroko_Atlas_bulletin_trimestriel_T1_2026.pdf,"Commerces 63,6 % / Santé, hôtellerie, autre 11,6 % / Entrepôts 10,1 % / Bureaux 9,0 % / Locaux d'activités 5,7 %",verified,
Iroko Atlas,liquidite,,"0 part en attente de retrait, 0 part retirée au T1 2026; commission de sortie 6 % TTC avant 5 ans de",,Iroko_Atlas_bulletin_trimestriel_T1_2026.pdf,0 Part retirée et 0 en attente de retrait,verified,
Iroko Atlas,frequence_distribution,Mensuel,mensuelle,,Iroko_Atlas_bulletin_trimestriel_T1_2026.pdf,La distribution des dividendes est mensuelle,verified,
Iroko Atlas,sfdr_article,,8,,Iroko_Atlas_annexe_SFDR.pdf,Informations pré-contractuelles pour les produits financiers visés à l'article 8 ... du règlement (UE) 2019/2088,verified,
Iroko Atlas,niveau_risque_dic,,,,,"DIC PRIIPs non lisible (PDF image, sans texte); échelle SRI affichée au BT sans valeur numérique",manual_review,"DIC PRIIPs non lisible (PDF image, sans texte); échelle SRI affichée au BT sans valeur numérique"
Iroko Atlas,duree_placement,,10,ans,Iroko_Atlas_bulletin_trimestriel_T1_2026.pdf,L'horizon de placement recommandé est de 10 ans,verified,
Iroko Atlas,frais_souscription,,0,%,Iroko_Atlas_bulletin_trimestriel_T1_2026.pdf,Commission de souscription : 0 %,verified,
Iroko Atlas,frais_gestion,,"14,4 % TTC (zone euro) à 16,8 % TTC (hors zone euro)",TTC des loyers,Iroko_Atlas_bulletin_trimestriel_T1_2026.pdf,"Commission de gestion : 14,4 % - 16,8 % TTC des loyers perçus",verified,
Epsicap Nano,prix_souscription,257,257,EUR,Bulletin-trimestriel-1T-2026-Epsicap-Nano-1.pdf,"PRIX DE SOUSCRIPTION 257,00 €",verified,
Epsicap Nano,prix_retrait,,244.15,EUR,Bulletin-trimestriel-1T-2026-Epsicap-Nano-1.pdf,"VALEUR DE RETRAIT 244,15 €",verified,
Epsicap Nano,taux_distribution,6.08,6.08,%,Bulletin-trimestriel-1T-2026-Epsicap-Nano-1.pdf,"Taux de distribution ... 6,08 % (2025)",verified,
Epsicap Nano,capitalisation,200,202,M€,Bulletin-trimestriel-1T-2026-Epsicap-Nano-1.pdf,CAPITALISATION 202 m€,verified,
Epsicap Nano,tof,,97.9,%,Bulletin-trimestriel-1T-2026-Epsicap-Nano-1.pdf,"Taux d'occupation financier 97,9 %",verified,
Epsicap Nano,endettement,,26.5,%,Bulletin-trimestriel-1T-2026-Epsicap-Nano-1.pdf,"RATIO DETTES ET AUTRES ENGAGEMENTS 26,5 %",verified,
Epsicap Nano,nb_associes,,4799,,Bulletin-trimestriel-1T-2026-Epsicap-Nano-1.pdf,# ASSOCIÉS 4 799,verified,
Epsicap Nano,nb_immeubles,,56,,Bulletin-trimestriel-1T-2026-Epsicap-Nano-1.pdf,56 actifs,verified,
Epsicap Nano,nb_locataires,,,,,Non précisé; 116 unités locatives indiquées,manual_review,Non précisé; 116 unités locatives indiquées
Epsicap Nano,repartition_geo,,"{'France': 62, 'Royaume-Uni': 22, 'Espagne': 12, 'Portugal': 4}",%,Bulletin-trimestriel-1T-2026-Epsicap-Nano-1.pdf,France 62 % / Royaume-Uni 22 % / Espagne 12 % / Portugal 4 %,verified,
Epsicap Nano,repartition_sectorielle,,"{'Commerces': 54, ""Logistique, Locaux d'activité"": 19, 'Bureaux': 13, 'Hôtels, tourisme, loisirs': 8",%,Bulletin-trimestriel-1T-2026-Epsicap-Nano-1.pdf,"Commerces 54 % / Logistique, Locaux d'activité 19 % / Bureaux 13 % / Hôtels, tourisme, loisirs 8 % / Santé et éducation 5 % / Alternatifs 1 %",verified,
Epsicap Nano,liquidite,,0 part en attente de retrait (784 824 parts composant le capital dont 0 en attente),,Bulletin-trimestriel-1T-2026-Epsicap-Nano-1.pdf,PARTS COMPOSANT LE CAPITAL 784 824 dont 0 en attente de retrait,verified,
Epsicap Nano,frequence_distribution,Mensuel,mensuelle,,Bulletin-trimestriel-1T-2026-Epsicap-Nano-1.pdf,"la SCPI Epsicap Nano a distribué 3 acomptes mensuels sur dividendes de 1,50 € par part",verified,
Epsicap Nano,sfdr_article,,8,,Epsicap-Nano-Document-SFDR.pdf,Informations précontractuelles pour les produits financiers visés à l'article 8 ... du règlement (UE) 2019/2088,verified,
Epsicap Nano,niveau_risque_dic,,,,,DIC PRIIPs non fourni dans le lot; valeur non trouvée dans le BT ni la note d'information consultée,manual_review,DIC PRIIPs non fourni dans le lot; valeur non trouvée dans le BT ni la note d'information consultée
Epsicap Nano,duree_placement,,8,ans,Bulletin-trimestriel-1T-2026-Epsicap-Nano-1.pdf,La société de gestion recommande de conserver les parts pendant une période d'au moins 8 ans,verified,
Epsicap Nano,frais_souscription,,5,% HT,Epsicap-Nano-Note-dinformation-2026.05.pdf,une commission de souscription ... correspond à 5% HT (soit 6% TTC ...),verified,
Epsicap Nano,frais_gestion,,10,% HT,Epsicap-Nano-Note-dinformation-2026.05.pdf,une commission de gestion correspondant à 10% HT (soit 12% TTC ...) maximum du montant hors taxes des produits locatifs,verified,
Alta Convictions,prix_souscription,308,308,EUR,24032026_ALTA_BUL_TRIMESTRIEL_T1_26_PPP_WEB.pdf,308 € Prix de la part,verified,
Alta Convictions,prix_retrait,,281.97,EUR,24032026_ALTA_BUL_TRIMESTRIEL_T1_26_PPP_WEB.pdf,"281,97 € Valeur de retrait",verified,
Alta Convictions,taux_distribution,6.57,6.57,%,24032026_ALTA_BUL_TRIMESTRIEL_T1_26_PPP_WEB.pdf,"Taux de distribution brut de fiscalité 6,57 % (2025)",verified,
Alta Convictions,capitalisation,121,121,M€,24032026_ALTA_BUL_TRIMESTRIEL_T1_26_PPP_WEB.pdf,CAPITALISATION 121 039 688 €,verified,
Alta Convictions,tof,96,96,%,24032026_ALTA_BUL_TRIMESTRIEL_T1_26_PPP_WEB.pdf,Taux d'occupation financier 96 %,verified,
Alta Convictions,endettement,,10,%,24032026_ALTA_BUL_TRIMESTRIEL_T1_26_PPP_WEB.pdf,Ratio de l'endettement au 31 mars 2026 (Méthode ASPIM) : emprunts bancaires 7 % + VEFA 3 %,verified,Total ASPIM ~10% (emprunts bancaires 7% + VEFA/acquisitions payables à terme 3%)
Alta Convictions,nb_associes,,2686,,24032026_ALTA_BUL_TRIMESTRIEL_T1_26_PPP_WEB.pdf,NOMBRE D'ASSOCIÉS 2 686,verified,
Alta Convictions,nb_immeubles,,18,,24032026_ALTA_BUL_TRIMESTRIEL_T1_26_PPP_WEB.pdf,18 ACTIFS,verified,
Alta Convictions,nb_locataires,,30,,24032026_ALTA_BUL_TRIMESTRIEL_T1_26_PPP_WEB.pdf,LOCATAIRES / BAUX 30 / 39,verified,30 locataires / 39 baux
Alta Convictions,repartition_geo,,"{'Nouvelle-Aquitaine': 43, 'Auvergne-Rhône-Alpes': 20, 'Île-de-France': 13, 'Espagne': 8, 'Grand Est",%,24032026_ALTA_BUL_TRIMESTRIEL_T1_26_PPP_WEB.pdf,Nouvelle-Aquitaine 43 % / Île-de-France 13 % / Espagne 8 % / Grand Est 6 % / Hauts-de-France 6 % / Centre-Val de Loire 4 % / (Auvergne-Rhône-Alpes 20 %),verified,Valeurs extraites d'un graphique cartographique; Auvergne-Rhône-Alpes (20%) déduit par complément à 100%. À revérifier v
Alta Convictions,repartition_sectorielle,,,,,Graphique sectoriel présent (valeurs ~28/22/38/12 %) mais libellés non extractibles du PDF,manual_review,Graphique sectoriel présent (valeurs ~28/22/38/12 %) mais libellés non extractibles du PDF
Alta Convictions,liquidite,,Sortie par rachat (retrait) dans la limite de la clause de variabilité; cession de gré à gré possibl,,24032026_ALTA_BUL_TRIMESTRIEL_T1_26_PPP_WEB.pdf,"La Société de Gestion ne garantit ni la revente, ni le rachat des parts de la SCPI",verified,
Alta Convictions,frequence_distribution,Mensuel,"trimestrielle jusqu'à mars 2026, puis mensuelle à compter d'avril 2026",,24032026_ALTA_BUL_TRIMESTRIEL_T1_26_PPP_WEB.pdf,"À compter d'avril 2026, la distribution deviendra mensuelle",verified,
Alta Convictions,sfdr_article,,8,,Alta-Convictions_DIC_Avril-2026.pdf,Classification SFDR : Article 8,verified,
Alta Convictions,niveau_risque_dic,,3,1-7,Alta-Convictions_DIC_Avril-2026.pdf,Nous avons classé ce produit dans la classe de risques 3 sur 7,verified,
Alta Convictions,duree_placement,,9,ans,Alta-Convictions_DIC_Avril-2026.pdf,La période de détention recommandée est d'au moins 9 ans,verified,
Alta Convictions,frais_souscription,,8.45,%,Alta-Convictions_DIC_Avril-2026.pdf,"Coûts d'entrée 8,45 % du montant que vous payez au moment de l'entrée dans l'investissement",verified,Coûts d'entrée DIC (frais de souscription)
Alta Convictions,frais_gestion,,0.74,%/an de la valeur,Alta-Convictions_DIC_Avril-2026.pdf,"Frais de gestion et autres frais administratifs et d'exploitation ... 0,74 % de la valeur de votre investissement par an",verified,Coût récurrent DIC; commission de gestion sur loyers non détaillée dans ces documents
Cristal Rente,prix_souscription,255.68,255.68,EUR,IG_CRBulletin_Trimestriel2026_T1.pdf,"Prix de souscription 255,68 €",verified,
Cristal Rente,prix_retrait,,225,EUR,IG_CRBulletin_Trimestriel2026_T1.pdf,Valeur de retrait 225 €,verified,
Cristal Rente,taux_distribution,5,5.0,%,IG_CRBulletin_Trimestriel2026_T1.pdf,"Son taux de distribution, constant depuis la création du fonds, s'établit à 5% en 2025",verified,
Cristal Rente,capitalisation,682.95,682.95,M€,IG_CRBulletin_Trimestriel2026_T1.pdf,"Capitalisation 682,95 M€",verified,
Cristal Rente,tof,98.99,98.99,%,IG_CRBulletin_Trimestriel2026_T1.pdf,"Locaux occupés .... 98,99 % (TOF)",verified,
Cristal Rente,endettement,,,,,Ratio d'endettement actuel non publié au BT; plafond statutaire = 1/3 (tiers) de la valeur des actifs,manual_review,Ratio d'endettement actuel non publié au BT; plafond statutaire = 1/3 (tiers) de la valeur des actifs
Cristal Rente,nb_associes,,12596,,IG_CRBulletin_Trimestriel2026_T1.pdf,Nombre d'associés 12 596 Au 31/03/2026,verified,
Cristal Rente,nb_immeubles,,153,,IG_CRBulletin_Trimestriel2026_T1.pdf,Actifs 153,verified,
Cristal Rente,nb_locataires,,,,,Non précisé; 204 baux indiqués,manual_review,Non précisé; 204 baux indiqués
Cristal Rente,repartition_geo,,"{'Régions': 67.69, 'Île-de-France': 16.99, 'Espagne': 8.65, 'Irlande': 4.05, 'Pays-Bas': 2.62}",%,IG_CRBulletin_Trimestriel2026_T1.pdf,"Régions 67,69 % / Île-de-France 16,99 % / Espagne 8,65 % / Irlande 4,05 % / Pays-Bas 2,62 %",verified,
Cristal Rente,repartition_sectorielle,,"{'Commerce alimentaire': 48.51, 'Bricolage et jardinerie': 28.23, 'Restauration': 13.27, 'Autre': 9.",%,IG_CRBulletin_Trimestriel2026_T1.pdf,"Commerce alimentaire 48,51 % / Bricolage et jardinerie 28,23 % / Restauration 13,27 % / Autre 9,99 %",verified,Répartition par typologie de locataires (% de la valeur vénale)
Cristal Rente,liquidite,,"18 420 parts retirées au T1 2026 (valeur de retrait 225 €); vacance locative 0,88 %; aucun blocage d",,IG_CRBulletin_Trimestriel2026_T1.pdf,"1T2026 18 420 retraits, valeur de retrait 225 €",verified,
Cristal Rente,frequence_distribution,Trimestriel,mensuelle,,IG_CRBulletin_Trimestriel2026_T1.pdf,"Distribution mensuelle (Dividende net perçu : 1,014 € le 28 février 2026 ; 1,019 € le 25 mars 2026 ...)",verified,
Cristal Rente,sfdr_article,,8,,IG_CRBulletin_Trimestriel2026_T1.pdf,La SCPI promeut des caractéristiques environnementales et / ou sociales au sens de l'article 8 du Règlement (UE) 2019/2088,verified,
Cristal Rente,niveau_risque_dic,,3,1-7,IG_CR_DIC20241203.pdf,Nous avons classé ce produit dans la classe de risque 3 sur 7,verified,
Cristal Rente,duree_placement,,10,ans,IG_CR_DIC20241203.pdf,Durée de détention recommandée 10 ans,verified,
Cristal Rente,frais_souscription,,12,% TTI,IG_CRBulletin_Trimestriel2026_T1.pdf,Dont commission de souscription 12% TTI,verified,
Cristal Rente,frais_gestion,,1.12,%/an de la valeur,IG_CR_DIC20241203.pdf,"Frais de gestion et autres frais administratifs et d'exploitation ... 1,12 %",verified,Coût récurrent DIC; commission de gestion sur loyers non détaillée dans ces documents
Rivoli Avenir Patrimoine,prix_souscription,228,228,EUR,RIVOLI AVENIR PATRIMOINE - Bulletin Semestriel 2025 S2.pdf,"Prix de souscription : 228,00 € par part",verified,
Rivoli Avenir Patrimoine,prix_retrait,,209.78,EUR,RIVOLI AVENIR PATRIMOINE - Bulletin Semestriel 2025 S2.pdf,"Prix de retrait : 209,78 € par part",verified,
Rivoli Avenir Patrimoine,taux_distribution,3.688,3.46,%,RIVOLI AVENIR PATRIMOINE - Bulletin Semestriel 2025 S2.pdf,"Taux de distribution ... 3,46 % (2025) - distribution brute 8,65 €/part / prix souscription 250 € au 01/01/2025",verified,"TD 2025 officiel = 3,46% (base 250 €); 3,79% sur le prix actuel de 228 €"
Rivoli Avenir Patrimoine,capitalisation,2927,2927,M€,RIVOLI AVENIR PATRIMOINE - Bulletin Semestriel 2025 S2.pdf,Capitalisation : 2 927 M€,verified,
Rivoli Avenir Patrimoine,tof,86.032202586,86.03,%,RIVOLI AVENIR PATRIMOINE - Bulletin Semestriel 2025 S2.pdf,"TOF 86,03 % (2nd semestre 2025)",verified,"TOF annuel 2025 = 86,67%"
Rivoli Avenir Patrimoine,endettement,93138.6,931,M€,RIVOLI AVENIR PATRIMOINE - Bulletin Semestriel 2025 S2.pdf,Endettement : 931 M€,verified,"Montant d'endettement (~31,8% de la capitalisation); ratio LTV non exprimé en %"
Rivoli Avenir Patrimoine,nb_associes,36768,36768,,RIVOLI AVENIR PATRIMOINE - Bulletin Semestriel 2025 S2.pdf,Nombre d'associés 36 768,verified,
Rivoli Avenir Patrimoine,nb_immeubles,181,181,,RIVOLI AVENIR PATRIMOINE - Bulletin Semestriel 2025 S2.pdf,Nombre d'immeubles 181,verified,
Rivoli Avenir Patrimoine,nb_locataires,,,,,Nombre total de locataires non précisé; 84 baux signés au S2 2025,manual_review,Nombre total de locataires non précisé; 84 baux signés au S2 2025
Rivoli Avenir Patrimoine,repartition_geo,,"{'Paris': 45.6, 'Île-de-France': 23.4, 'Régions (France)': 11.0, 'Allemagne': 10.4, 'Espagne': 3.7, ",%,RIVOLI AVENIR PATRIMOINE - Bulletin Semestriel 2025 S2.pdf,"Paris 45,6 % / Île-de-France 23,4 % / Régions 11,0 % / Europe 20,1 % (Allemagne 10,4 % / Espagne 3,7 % / Pays-Bas 2,7 % / Belgique 0,9 % / Autriche 0,9 % / Rép.",verified,
Rivoli Avenir Patrimoine,repartition_sectorielle,"{'Bureaux': 79.1, 'Commerces': 13.9, 'Hôtels': 3.3, 'Logistique': 3.1, 'Résidences Services': 0.7}","{'Bureaux': 79.1, 'Commerces': 13.9, 'Hôtels': 3.3, 'Logistique': 3.1, 'Résidences Services': 0.7}",%,RIVOLI AVENIR PATRIMOINE - Bulletin Semestriel 2025 S2.pdf,"Bureaux 79,1 % / Commerces 13,9 % / Hôtels 3,3 % / Logistique 3,1 % / Résidences Services 0,7 %",verified,
Rivoli Avenir Patrimoine,liquidite,,"673 865 parts en attente de retrait au 31/12/2025 (5,25 % du capital); fonds de remboursement de 10,",,RIVOLI AVENIR PATRIMOINE - Bulletin Semestriel 2025 S2.pdf,"Le poids des parts en attente de retrait représente 5,25 % au 31/12/2025 ... Nombre de parts en attente de retrait 673 865",verified,"Tension de liquidité: parts en attente significatives, fonds de remboursement activé"
Rivoli Avenir Patrimoine,frequence_distribution,Trimestriel,trimestrielle,,RIVOLI AVENIR PATRIMOINE - Bulletin Semestriel 2025 S2.pdf,Distributions 2025 T1/T2/T3/T4 (versements trimestriels),verified,
Rivoli Avenir Patrimoine,sfdr_article,,8,,RIVOLI AVENIR PATRIMOINE - DIC PRIIPS 2025-07-31.pdf,Le Produit promeut des critères ESG au sens de l'article 8 du Règlement (UE) 2019/2088,verified,
Rivoli Avenir Patrimoine,niveau_risque_dic,,4,1-7,RIVOLI AVENIR PATRIMOINE - DIC PRIIPS 2025-07-31.pdf,Nous avons classé ce Produit dans la classe de risque 4 sur 7,verified,
Rivoli Avenir Patrimoine,duree_placement,,8,ans,RIVOLI AVENIR PATRIMOINE - DIC PRIIPS 2025-07-31.pdf,Période de détention recommandée : 8 ans,verified,
Rivoli Avenir Patrimoine,frais_souscription,,7.993,%,RIVOLI AVENIR PATRIMOINE - DIC PRIIPS 2025-07-31.pdf,"Coûts d'entrée 7,993 % du montant que vous payez lors de l'entrée dans cet investissement",verified,
Rivoli Avenir Patrimoine,frais_gestion,,0.89,%/an de la valeur,RIVOLI AVENIR PATRIMOINE - DIC PRIIPS 2025-07-31.pdf,"Frais de gestion et autres coûts administratifs ou d'exploitation 0,89 % de la valeur de votre investissement par an",verified,Coût récurrent DIC; commission de gestion sur loyers non détaillée dans ces documents
Primovie,prix_souscription,164,164,EUR,PRAEMIA_BTI_Primovie_T1_2026.pdf,"Prix de souscription 164,00 €",verified,
Primovie,prix_retrait,,149.24,EUR,PRAEMIA_BTI_Primovie_T1_2026.pdf,"Valeur de retrait 149,24 € (résidents)",verified,
Primovie,taux_distribution,4.04,4.04,%,PRAEMIA_BTI_Primovie_T1_2026.pdf,"Taux de distribution 2025 4,04 %",verified,
Primovie,capitalisation,4200,4.2,Md€,PRAEMIA_BTI_Primovie_T1_2026.pdf,"CAPITALISATION 4,2 Mds€",verified,
Primovie,tof,94.7,94.7,%,PRAEMIA_BTI_Primovie_T1_2026.pdf,"TOF 94,7 %",verified,
Primovie,endettement,29.2,29.2,%,PRAEMIA_BTI_Primovie_T1_2026.pdf,"Ratio des dettes et autres engagements selon la méthode de l'ASPIM : 29,2 %",verified,
Primovie,nb_associes,50122,50325,,PRAEMIA_BTI_Primovie_T1_2026.pdf,Associés 1T 2026 : 50 325,verified,
Primovie,nb_immeubles,298,298,,PRAEMIA_BTI_Primovie_T1_2026.pdf,Nombre d'actifs 298 immeubles,verified,
Primovie,nb_locataires,,,,,Non précisé; 456 baux indiqués,manual_review,Non précisé; 456 baux indiqués
Primovie,repartition_geo,,"{'France hors région parisienne': 37.5, 'Île-de-France hors Paris': 23.7, 'Allemagne': 18.5, 'Italie",%,PRAEMIA_BTI_Primovie_T1_2026.pdf,"France hors région parisienne 37,5 % / Île-de-France hors Paris 23,7 % / Allemagne 18,5 % / Italie 12,8 % / Paris 4,8 % / Espagne 2,0 % / Belgique 0,5 % / Pays-",verified,
Primovie,repartition_sectorielle,"{'Sénior': 78.6, 'Bureaux': 16.3, 'Éducation': 3.9, 'Hôtellerie': 1.2}","{'Santé / Sénior': 78.6, 'Bureaux': 16.3, 'Éducation': 3.9, 'Hôtellerie': 1.2}",%,PRAEMIA_BTI_Primovie_T1_2026.pdf,"Santé / Sénior 78,6 % / Bureaux 16,3 % / Éducation 3,9 % / Hôtellerie 1,2 %",verified,
Primovie,liquidite,,1 438 276 parts en attente de retrait au 31/03/2026; fonds de remboursement de 15 M€ ouvert en décem,,PRAEMIA_BTI_Primovie_T1_2026.pdf,"Au 31/03/2026, 1 438 276 parts (confirmées et non confirmées) sont en attente de retrait. La liquidité de la SCPI Primovie est par conséquent peu organisée.",verified,Tension de liquidité importante
Primovie,frequence_distribution,Trimestriel,trimestrielle,,PRAEMIA_BTI_Primovie_T1_2026.pdf,"L'acompte sur dividende versé au premier trimestre est de 1,70 € par part",verified,
Primovie,sfdr_article,,8,,PRIIPS 2 2025-04-01 DIC PRIMOVIE V1.0.pdf,"La société dispose du Label ISR ... met en œuvre une approche dite 'en amélioration de note' ... critères ESG (produit promouvant des caractéristiques E/S, arti",verified,"Article 8 (Label ISR, promotion de caractéristiques ESG); document SFDR 'ART 10' fourni"
Primovie,niveau_risque_dic,,4,1-7,PRIIPS 2 2025-04-01 DIC PRIMOVIE V1.0.pdf,Nous avons classé ce produit dans la classe de risque 4 sur 7,verified,
Primovie,duree_placement,,10,ans,PRIIPS 2 2025-04-01 DIC PRIMOVIE V1.0.pdf,L'indicateur de risque part de l'hypothèse que vous conservez le produit 10 ans (période de détention recommandée),verified,
Primovie,frais_souscription,,9,% HT,PRAEMIA_BTI_Primovie_T1_2026.pdf,"Frais de souscription : 9,00 % HT (exonérée de TVA) du prix de souscription prime d'émission incluse",verified,
Primovie,frais_gestion,,10,% HT,PRAEMIA_BTI_Primovie_T1_2026.pdf,Frais de gestion annuels : 10 % HT maximum du montant des produits locatifs encaissés (+ 5 % HT max des produits financiers nets),verified,
Praemia Hôtels Europe,prix_souscription,204,204,EUR,PRAEMIA_BTI_Praemia_Hotels_Europe_T1_2026.pdf,"Prix de souscription 204,00 €",verified,
Praemia Hôtels Europe,prix_retrait,,185.64,EUR,PRAEMIA_BTI_Praemia_Hotels_Europe_T1_2026.pdf,"Valeur de retrait 185,64 € (résidents)",verified,Retrait via fonds de remboursement décoté à 154 € (≥90% de la valeur de réalisation)
Praemia Hôtels Europe,taux_distribution,3.9,3.9,%,PRAEMIA_BTI_Praemia_Hotels_Europe_T1_2026.pdf,"Taux de distribution 2025 3,90 %",verified,
Praemia Hôtels Europe,capitalisation,252.5,252.5,M€,PRAEMIA_BTI_Praemia_Hotels_Europe_T1_2026.pdf,"CAPITALISATION 252,5 M€",verified,
Praemia Hôtels Europe,tof,97.7,97.7,%,PRAEMIA_BTI_Praemia_Hotels_Europe_T1_2026.pdf,"TOF 97,7 %",verified,
Praemia Hôtels Europe,endettement,30.9,30.9,%,PRAEMIA_BTI_Praemia_Hotels_Europe_T1_2026.pdf,"Ratio des dettes et autres engagements selon la méthode de l'ASPIM : 30,9 %",verified,
Praemia Hôtels Europe,nb_associes,2164,2164,,PRAEMIA_BTI_Praemia_Hotels_Europe_T1_2026.pdf,Associés 1T 2026 : 2 164,verified,
Praemia Hôtels Europe,nb_immeubles,117,117,,PRAEMIA_BTI_Praemia_Hotels_Europe_T1_2026.pdf,Nombre d'actifs 117 immeubles,verified,
Praemia Hôtels Europe,nb_locataires,,,,,Non précisé; 304 baux indiqués,manual_review,Non précisé; 304 baux indiqués
Praemia Hôtels Europe,repartition_geo,,"{'France hors région parisienne': 37.8, 'Grèce': 15.9, 'Irlande': 15.5, 'Île-de-France hors Paris': ",%,PRAEMIA_BTI_Praemia_Hotels_Europe_T1_2026.pdf,"France hors région parisienne 37,8 % / Grèce 15,9 % / Irlande 15,5 % / Île-de-France hors Paris 12,9 % / Paris 7,9 % / Belgique 5,5 % / Espagne 4,2 % / Italie 0",verified,
Praemia Hôtels Europe,repartition_sectorielle,"{'Hôtel': 67.3, 'Résidentiel': 15.1, 'Commerce': 10, 'Mixte Résidentiel-Commerce': 7.6}","{'Hôtel': 67.3, 'Résidentiel': 15.1, 'Commerce': 10.0, 'Mixte Résidentiel / Commerce': 7.6}",%,PRAEMIA_BTI_Praemia_Hotels_Europe_T1_2026.pdf,"Hôtel 67,3 % / Résidentiel 15,1 % / Commerce 10,0 % / Mixte Résidentiel / Commerce 7,6 %",verified,
Praemia Hôtels Europe,liquidite,,"120 187 parts en attente de retrait au 31/03/2026; fonds de remboursement doté de 1,5 M€ (retrait dé",,PRAEMIA_BTI_Praemia_Hotels_Europe_T1_2026.pdf,"Au 31/03/2026, 120 187 parts (confirmées et non confirmées) sont en attente de retrait. La liquidité de la SCPI ... est par conséquent peu organisée.",verified,Tension de liquidité importante
Praemia Hôtels Europe,frequence_distribution,Trimestriel,trimestrielle,,PRAEMIA_BTI_Praemia_Hotels_Europe_T1_2026.pdf,"L'acompte sur dividende versé pour le premier trimestre est de 1,40 € par part",verified,
Praemia Hôtels Europe,sfdr_article,,8,,Information précontractuelle art 8 SFDR Praemia Hotels Europe_10022026 - v1c.pdf,Information précontractuelle art 8 SFDR Praemia Hotels Europe,verified,
Praemia Hôtels Europe,niveau_risque_dic,,4,1-7,2025 09 17 DIC PRAEMIA HOTELS EUROPE v3 EDHEC IEIF.pdf,Nous avons classé ce produit dans la classe de risque 4 sur 7,verified,
Praemia Hôtels Europe,duree_placement,,10,ans,2025 09 17 DIC PRAEMIA HOTELS EUROPE v3 EDHEC IEIF.pdf,L'indicateur de risque part de l'hypothèse que vous conservez le produit 10 ans,verified,
Praemia Hôtels Europe,frais_souscription,,9,% HT,PRAEMIA_BTI_Praemia_Hotels_Europe_T1_2026.pdf,"Frais de souscription : 9,00 % HT (exonérée de TVA) du prix de souscription prime d'émission incluse",verified,
Praemia Hôtels Europe,frais_gestion,,10,% HT,PRAEMIA_BTI_Praemia_Hotels_Europe_T1_2026.pdf,Frais de gestion annuels : 10 % HT maximum du montant des produits locatifs encaissés (+ 5 % HT max des produits financiers nets),verified,
Pierval Santé,prix_souscription,204,204,EUR,BT_PIERVAL_SANTE_2026_T1.pdf,Prix de souscription : 204€,verified,
Pierval Santé,prix_retrait,,182.56,EUR,BT_PIERVAL_SANTE_2026_T1.pdf,"Valeur de retrait (4) 182,56 € ; Prix de retrait : 182,56€",verified,
Pierval Santé,prix_reconstitution,,199.2,EUR,BT_PIERVAL_SANTE_2026_T1.pdf,"Valeur de reconstitution au 31/12/2025 199,20 €",verified,
Pierval Santé,taux_distribution,4.391,4.39,%,BT_PIERVAL_SANTE_2026_T1.pdf,"Taux de distribution 2025 (3) 4,39 %",verified,
Pierval Santé,capitalisation,2500,3300,M€,BT_PIERVAL_SANTE_2026_T1.pdf,"3,3 Mds € capitalisation (au 31/03/2026)",verified,"ANOMALIE: current_value batch = 2500 M€ (2,5 Md€), mais le BT T1 2026 indique 3,3 Mds € = 3300 M€"
Pierval Santé,tof,94.59,94.59,%,BT_PIERVAL_SANTE_2026_T1.pdf,"Taux d'occupation financier 94,59% Baux standards / 5,41% En recherche de locataires",verified,
Pierval Santé,endettement,16.39,16.39,%,BT_PIERVAL_SANTE_2026_T1.pdf,"Ratio d'endettement 16,39 % (Dette financière 13,43 % + Engagement financier sur construction 2,96 %), max 40%",verified,
Pierval Santé,nb_associes,,60909,associés,BT_PIERVAL_SANTE_2026_T1.pdf,60 909 associés (chiffres clés au 31/03/2026),verified,
Pierval Santé,nb_immeubles,,252,actifs,BT_PIERVAL_SANTE_2026_T1.pdf,Nombre d'actifs 252,verified,
Pierval Santé,nb_locataires,,1005,locataires,BT_PIERVAL_SANTE_2026_T1.pdf,Nombre de locataires 1 005,verified,
Pierval Santé,repartition_geo,,,,,"9 pays cités (Italie, Portugal, Espagne, France, Allemagne, Royaume-Uni, Pays-Bas, Irlande, Canada) et 9 pourcentages (0,7% / 8,5% / 19,9% / 13,4% / 13,8% / 32,",manual_review,"9 pays cités (Italie, Portugal, Espagne, France, Allemagne, Royaume-Uni, Pays-Bas, Irlande, Canada) et 9 pourcentages (0"
Pierval Santé,repartition_sectorielle,"{'Médico-social': 71.7, 'Cliniques et soins': 20.0, 'Autres actifs santé': 8.3}","{'Secteur médico-social (EHPAD/Alzheimer, hébergement, RSS)': 71.7, 'Secteur sanitaire et soins de v",%,BT_PIERVAL_SANTE_2026_T1.pdf,"71,7% médico-social / 19,9% sanitaire et soins de ville / 8,4% autres secteurs santé (% valeur vénale hors droits)",verified,
Pierval Santé,liquidite,,"466 128 parts en attente de retrait (2,58% de la capitalisation, soit 85 M€ au 31/03/2026). Liquidit",,BT_PIERVAL_SANTE_2026_T1.pdf,"Parts en attente de retrait 466 128 (2,58 % de la capitalisation) ; Les parts en attente de retrait s'élèvent à 85 M€ au 31 mars 2026, soit 2,58 % de la capital",verified,
Pierval Santé,frequence_distribution,Trimestriel,Trimestrielle,,BT_PIERVAL_SANTE_2026_T1.pdf,"Le versement intervient trimestriellement ; acompte trimestriel 1,84 €/part (versement 30/04/2026)",verified,
Pierval Santé,sfdr_article,,8,,DIC_SCPI_PIERVAL_SANTE_202411.pdf,démarche d'investissement socialement responsable notamment dans le cadre de l'article 8 du règlement SFDR,verified,
Pierval Santé,niveau_risque_dic,,3,/7,DIC_SCPI_PIERVAL_SANTE_202411.pdf,Nous avons classé le produit dans la classe de risque 3 sur 7,verified,
Pierval Santé,duree_placement,,10,ans,DIC_SCPI_PIERVAL_SANTE_202411.pdf,Période de détention recommandée : 10 ans,verified,
Pierval Santé,frais_souscription,,10.51,%,DIC_SCPI_PIERVAL_SANTE_202411.pdf,"Coûts d'entrée 10,51% du montant que vous payez au moment de l'entrée (max) ; commission de souscription 21,44€ par part (BT)",verified,
Pierval Santé,frais_gestion,,1.22,%,DIC_SCPI_PIERVAL_SANTE_202411.pdf,"Frais de gestion et autres frais administratifs et d'exploitation 1,22% de la valeur de votre investissement par an",verified,
Patrimmo Commerce,prix_souscription,160,160,EUR,PRAEMIA_BTI_Patrimmo Commerce_T1_2026.pdf,"Prix de souscription 160,00 € ; Le prix de souscription est de 160 €, dont 159 € de prime d'émission",verified,
Patrimmo Commerce,prix_retrait,,145.6,EUR,PRAEMIA_BTI_Patrimmo Commerce_T1_2026.pdf,"Valeur de retrait 145,60 € (résidents)",verified,Prix de retrait standard. Retrait via fonds de remboursement spécifique = 115 € (90% de la valeur de réalisation)
Patrimmo Commerce,prix_realisation,,126.8,EUR,PRAEMIA_BTI_Patrimmo Commerce_T1_2026.pdf,"Valeur de réalisation au 31/12/2025 126,80 €",verified,
Patrimmo Commerce,prix_reconstitution,,151.36,EUR,PRAEMIA_BTI_Patrimmo Commerce_T1_2026.pdf,"Valeur de reconstitution au 31/12/2025 151,36 €",verified,
Patrimmo Commerce,taux_distribution,3.38,3.38,%,PRAEMIA_BTI_Patrimmo Commerce_T1_2026.pdf,"Taux de distribution 2025 (2) 3,38 %",verified,
Patrimmo Commerce,capitalisation,613.7,613.7,M€,PRAEMIA_BTI_Patrimmo Commerce_T1_2026.pdf,"CAPITALISATION 613,7 M€ (1T 2026)",verified,Le capital SOCIAL a été réduit à 3 835 627 € (réduction valeur nominale AGE 04/07/2025) à ne pas confondre avec la capit
Patrimmo Commerce,tof,91,91.0,%,PRAEMIA_BTI_Patrimmo Commerce_T1_2026.pdf,"TOF* 91,0 %",verified,
Patrimmo Commerce,endettement,24.1,24.1,%,PRAEMIA_BTI_Patrimmo Commerce_T1_2026.pdf,"Ratio des dettes et autres engagements selon la méthode de l'ASPIM 24,1 % (emprunts bancaires) au 31/12/2025",verified,
Patrimmo Commerce,nb_associes,6149,6149,associés,PRAEMIA_BTI_Patrimmo Commerce_T1_2026.pdf,ASSOCIÉS 6 149 (1T 2026),verified,
Patrimmo Commerce,nb_immeubles,193,193,immeubles,PRAEMIA_BTI_Patrimmo Commerce_T1_2026.pdf,Nombre d'actifs 193 immeubles,verified,
Patrimmo Commerce,nb_locataires,,,,,"Nombre de locataires non indiqué explicitement. Le BT mentionne 446 baux (Nombre de baux 446), ce qui n'équivaut pas au nombre de locataires.",manual_review,"Nombre de locataires non indiqué explicitement. Le BT mentionne 446 baux (Nombre de baux 446), ce qui n'équivaut pas au "
Patrimmo Commerce,repartition_geo,,"{'France hors région parisienne': 47.1, 'Paris': 14.2, 'Belgique': 13.8, 'Île-de-France hors Paris':",%,PRAEMIA_BTI_Patrimmo Commerce_T1_2026.pdf,"47,1% France hors région parisienne / 14,2% Paris / 13,8% Belgique / 12,9% Île-de-France hors Paris / 5,5% Pays-Bas / 3,9% Italie / 2,6% Allemagne (% valeur vén",verified,
Patrimmo Commerce,repartition_sectorielle,"{'Commerce': 86.7, 'Bureaux': 11.6, 'Activité-Logistique': 1.7}","{'Commerce': 86.7, 'Bureaux': 11.6, 'Activité / Logistique': 1.7}",%,PRAEMIA_BTI_Patrimmo Commerce_T1_2026.pdf,"86,7% Commerce / 11,6% Bureaux / 1,7% Activité / Logistique",verified,
Patrimmo Commerce,liquidite,,765 342 parts en attente de retrait (confirmées et non confirmées) au 31/03/2026. Liquidité peu orga,,PRAEMIA_BTI_Patrimmo Commerce_T1_2026.pdf,"Au 31/03/2026, 765 342 parts (confirmées et non confirmées) sont en attente de retrait. La liquidité (...) est par conséquent peu organisée. 100 % des actifs (.",verified,
Patrimmo Commerce,frequence_distribution,Trimestriel,Trimestrielle,,PRAEMIA_BTI_Patrimmo Commerce_T1_2026.pdf,"Acompte sur dividende versé au premier trimestre 1,25 € par part (versement 30/04/2026)",verified,
Patrimmo Commerce,sfdr_article,,8,,SCPI Patrimmo Commerce - DIC.pdf,La SCPI est classée « Article 8 » au sens du Règlement européen « SFDR »,verified,
Patrimmo Commerce,niveau_risque_dic,,4,/7,SCPI Patrimmo Commerce - DIC.pdf,"Nous avons classé ce produit dans la classe de risque 4 sur 7, qui est une classe de risque moyenne",verified,
Patrimmo Commerce,duree_placement,,10,ans,SCPI Patrimmo Commerce - DIC.pdf,Période de détention recommandée : 10 ans,verified,
Patrimmo Commerce,frais_souscription,,9.0,% HT,PRAEMIA_BTI_Patrimmo Commerce_T1_2026.pdf,"Frais de souscription : 9,00 % HT (exonérée de TVA) maximum du prix de souscription ; DIC: Coûts d'entrée 9,9% (inclus dans le prix)",verified,
Patrimmo Commerce,frais_gestion,,10.0,% HT,PRAEMIA_BTI_Patrimmo Commerce_T1_2026.pdf,"Frais de gestion annuels : 10 % HT maximum du montant des produits locatifs encaissés (+ 5% HT max des produits financiers nets) ; DIC: frais de gestion 1,9%/an",verified,
Aestiam Agora,prix_souscription,922,922,EUR,2026-1t-bti-aestiam-agora.pdf,922 € Prix de souscription au 31/03/2026 ; dont 522 € de prime d'émission,verified,
Aestiam Agora,prix_retrait,,829.8,EUR,2026-1t-bti-aestiam-agora.pdf,"829,80 € Prix de retrait",verified,
Aestiam Agora,prix_realisation,,795.94,EUR,2026-1t-bti-aestiam-agora.pdf,"Valeur de réalisation au 31/12/2025 795,94 €",verified,
Aestiam Agora,prix_reconstitution,,965.93,EUR,2026-1t-bti-aestiam-agora.pdf,"Valeur de reconstitution au 31/12/2025 965,93 €",verified,
Aestiam Agora,taux_distribution,4.5,4.5,%,2026-1t-bti-aestiam-agora.pdf,"4,50 % Taux de distribution 2025",verified,
Aestiam Agora,capitalisation,,468,M€,2026-1t-bti-aestiam-agora.pdf,468 M€ Capitalisation (au 31/03/2026) ; valeur d'expertise 468 M€,verified,"RÉSOLUTION ANOMALIE: capitalisation était null dans le batch, valeur trouvée = 468 M€ (BT T1 2026)"
Aestiam Agora,tof,91.7,91.7,%,2026-1t-bti-aestiam-agora.pdf,"91,70 % TOF (88,89% locaux occupés + 1,82% sous franchise + 0,33% vacants sous promesse + 0,66% en restructuration)",verified,
Aestiam Agora,endettement,12,12,%,2026-1t-bti-aestiam-agora.pdf,Ratio dettes et autres engagements 12 %,verified,
Aestiam Agora,nb_associes,,7823,associés,2026-1t-bti-aestiam-agora.pdf,7 823 Nombre d'associés (au 31/03/2026),verified,
Aestiam Agora,nb_immeubles,193,193,biens immobiliers,2026-1t-bti-aestiam-agora.pdf,193 Biens immobiliers,verified,
Aestiam Agora,nb_locataires,,265,locataires,2026-1t-bti-aestiam-agora.pdf,265 Locataires,verified,
Aestiam Agora,repartition_geo,,"{'Paris': 30, 'Île-de-France (IDF)': 29, 'Sud-Est': 11, 'Europe': 11, 'Nord': 8, 'Nord-Est': 4, 'Sud",%,2026-1t-bti-aestiam-agora.pdf,"Paris 30% / IDF 29% / Sud-Est 11% / Europe 11% (dont Belgique 5%, Allemagne 4%, Espagne 2%) / Nord 8% / Nord-Est 4% / Sud-Ouest 4% / Nord-Ouest 3% (% valeur vén",verified,"Europe 11% détaillée: Belgique 5%, Allemagne 4%, Espagne 2%"
Aestiam Agora,repartition_sectorielle,"{'Commerces': 57, 'Hôtels-Séminaires': 34, 'Bureaux': 6, 'Enseignement': 3}","{'Commerces': 57, 'Hôtels / Séminaires': 34, 'Bureaux': 6, 'Enseignement': 3}",%,2026-1t-bti-aestiam-agora.pdf,57% Commerces / 34% Hôtels/Séminaires / 6% Bureaux / 3% Enseignement (% valeur vénale),verified,
Aestiam Agora,liquidite,,38 858 parts en attente de retrait au 31/03/2026 (35 705 fin 2025). Fonds de remboursement actif (94,,2026-1t-bti-aestiam-agora.pdf,Parts en attente de retraits 35 705 (2025) / 38 858 (T1 2026) ; Nombre de parts annulées dans le cadre du fonds de remboursement 947 ; alimenter le fonds de rem,verified,
Aestiam Agora,frequence_distribution,Trimestriel,Trimestrielle,,AestiamAgora-DIC.pdf,"Distribution trimestrielle de dividendes potentiels ; dividende brut T1 2026 8,91 €/part (versement 25/04/2026)",verified,
Aestiam Agora,sfdr_article,,6,,AestiamAgora-DIC.pdf,Aestiam Agora relève de l'article 6 du Règlement (UE) 2019/2088 dit SFDR du 27 novembre 2019,verified,
Aestiam Agora,niveau_risque_dic,,3,/7,AestiamAgora-DIC.pdf,Nous avons classé ce produit dans la classe de risque 3 sur 7,verified,
Aestiam Agora,duree_placement,,10,ans,AestiamAgora-DIC.pdf,Période de détention recommandée : 10 ans,verified,
Aestiam Agora,frais_souscription,,10.0,% HT,2026-1t-bti-aestiam-agora.pdf,"Commission de souscription 10 % HT du prix de souscription ; DIC: coûts d'entrée 10,00%",verified,
Aestiam Agora,frais_gestion,,10.0,% HT,2026-1t-bti-aestiam-agora.pdf,"Commission de gestion 10 % HT prélevée sur les produits locatifs HT encaissés et sur les produits financiers nets ; DIC: autres coûts récurrents 1,17%/an",verified,
